ID,Month,Day,Hour,Solar Radiance(w/m^2),Temperature(C),Solar Power(kW)
0,2,1,0,0,4.8469,0
1,2,1,1,0,4.3895,0
2,2,1,2,0,3.6565,0
3,2,1,3,0,2.8669,0
4,2,1,4,0,1.6784,0
5,2,1,5,0,1.1034,0
6,2,1,6,0,0.468,0
7,2,1,7,0,0.2553,0
8,2,1,8,94.6729,1.0247,26.50548897
9,2,1,9,270.5294,2.9413,75.09175859
10,2,1,10,426.1466,4.9049,117.2409732
11,2,1,11,430.1065,6.6277,117.4041821
12,2,1,12,439.0228,7.9042,119.1375075
13,2,1,13,513.5925,9.6447,138.2560836
14,2,1,14,373.996,9.7662,100.6207253
15,2,1,15,306.2265,10.2332,82.20910685
16,2,1,16,137.5719,10.375,36.9079613
17,2,1,17,10.9336,10.0155,2.938193162
18,2,1,18,0,9.453,0
19,2,1,19,0,8.4055,0
20,2,1,20,0,6.9922,0
21,2,1,21,0,6.1618,0
22,2,1,22,0,5.5602,0
23,2,1,23,0,5.7025,0
24,2,2,0,0,5.2661,0
25,2,2,1,0,4.2224,0
26,2,2,2,0,3.9904,0
27,2,2,3,0,4.1466,0
28,2,2,4,0,4.2826,0
29,2,2,5,0,4.7942,0
30,2,2,6,0,4.5513,0
31,2,2,7,0,4.5224,0
32,2,2,8,47.8348,3.6653,13.23437638
33,2,2,9,114.7361,5.2314,31.51924008
34,2,2,10,227.625,7.3816,61.91923538
35,2,2,11,379.4103,8.8787,102.4983091
36,2,2,12,541.9443,10.0237,145.6314755
37,2,2,13,544.0282,11.0348,145.5038783
38,2,2,14,495.852,12.6085,131.6434376
39,2,2,15,316.6106,13.5345,83.69027354
40,2,2,16,107.4591,13.396,28.42346925
41,2,2,17,8.5827,12.6517,2.278152193
42,2,2,18,0,11.8195,0
43,2,2,19,0,11.3615,0
44,2,2,20,0,10.023,0
45,2,2,21,0,8.905,0
46,2,2,22,0,7.8148,0
47,2,2,23,0,7.2255,0
48,2,3,0,0,7.3688,0
49,2,3,1,0,6.9027,0
50,2,3,2,0,6.2021,0
51,2,3,3,0,5.9294,0
52,2,3,4,0,5.7852,0
53,2,3,5,0,5.5678,0
54,2,3,6,0,4.9384,0
55,2,3,7,0,4.7873,0
56,2,3,8,52.5194,5.7377,14.39440555
57,2,3,9,175.9922,6.836,47.9939529
58,2,3,10,286.0423,9.4002,77.08832834
59,2,3,11,341.1996,11.198,91.1864461
60,2,3,12,335.839,11.6152,89.57867231
61,2,3,13,369.647,12.1837,98.33363356
62,2,3,14,270.7019,12.4217,71.93168714
63,2,3,15,139.496,12.4625,37.06016388
64,2,3,16,56.2216,12.3187,14.94660372
65,2,3,17,4.0183,11.8773,1.070488682
66,2,3,18,0,11.5235,0
67,2,3,19,0,11.0197,0
68,2,3,20,0,10.2658,0
69,2,3,21,0,10.6565,0
70,2,3,22,0,9.8155,0
71,2,3,23,0,9.7378,0
72,2,4,0,0,9.8995,0
73,2,4,1,0,9.7548,0
74,2,4,2,0,9.6418,0
75,2,4,3,0,9.1598,0
76,2,4,4,0,8.9895,0
77,2,4,5,0,8.2807,0
78,2,4,6,0,7.9476,0
79,2,4,7,0.6652,8.5817,0.179951817
80,2,4,8,55.564,8.8107,15.01542783
81,2,4,9,112.8986,10.0483,30.3346825
82,2,4,10,190.8708,10.6008,51.15318353
83,2,4,11,359.4516,12.0777,95.66907676
84,2,4,12,316.0415,14.1692,83.28910285
85,2,4,13,291.8649,15.5422,76.41672481
86,2,4,14,171.4551,15.8483,44.82515705
87,2,4,15,162.9151,16.9258,42.37303638
88,2,4,16,60.3438,15.9367,15.76959245
89,2,4,17,1.0175,15.5553,0.266387478
90,2,4,18,0,14.1263,0
91,2,4,19,0,13.3113,0
92,2,4,20,0,13.5542,0
93,2,4,21,0,13.7107,0
94,2,4,22,0,13.4647,0
95,2,4,23,0,13.7185,0
96,2,5,0,0,13.482,0
97,2,5,1,0,13.6813,0
98,2,5,2,0,14.159,0
99,2,5,3,0,12.742,0
100,2,5,4,0,11.5445,0
101,2,5,5,0,12.696,0
102,2,5,6,0,12.6375,0
103,2,5,7,0.0865,12.4967,0.022976919
104,2,5,8,23.3589,12.8457,6.194613848
105,2,5,9,64.4881,13.172,17.07548156
106,2,5,10,128.9234,13.948,34.01192677
107,2,5,11,205.6331,14.264,54.1678712
108,2,5,12,299.0614,14.5275,78.68025064
109,2,5,13,240.0251,14.5175,63.15135389
110,2,5,14,153.7352,14.1907,40.51101237
111,2,5,15,151.2137,13.2242,40.02925286
112,2,5,16,109.6391,12.072,29.18154286
113,2,5,17,14.5714,12.4413,3.871597301
114,2,5,18,0,12.2787,0
115,2,5,19,0,11.7442,0
116,2,5,20,0,11.2865,0
117,2,5,21,0,11.086,0
118,2,5,22,0,11.0872,0
119,2,5,23,0,10.9488,0
120,2,6,0,0,10.7295,0
121,2,6,1,0,10.5713,0
122,2,6,2,0,10.703,0
123,2,6,3,0,11.0093,0
124,2,6,4,0,10.9552,0
125,2,6,5,0,11.4697,0
126,2,6,6,0,11.3885,0
127,2,6,7,0,11.183,0
128,2,6,8,30.4682,11.5588,8.128961462
129,2,6,9,199.6142,11.8463,53.18563163
130,2,6,10,394.5066,12.6515,104.7161059
131,2,6,11,568.452,13.3842,150.3667809
132,2,6,12,236.5855,13.6172,62.51263179
133,2,6,13,263.606,13.5262,69.68220315
134,2,6,14,242.4652,12.9545,64.26706821
135,2,6,15,367.4661,13.1232,97.32192672
136,2,6,16,183.8326,12.978,48.7206944
137,2,6,17,22.6891,11.9058,6.043644517
138,2,6,18,0,11.2013,0
139,2,6,19,0,10.7543,0
140,2,6,20,0,10.4342,0
141,2,6,21,0,10.287,0
142,2,6,22,0,10.4452,0
143,2,6,23,0,9.9287,0
144,2,7,0,0,9.6402,0
145,2,7,1,0,9.4193,0
146,2,7,2,0,9.1932,0
147,2,7,3,0,8.758,0
148,2,7,4,0,8.3627,0
149,2,7,5,0,8.166,0
150,2,7,6,0,7.6279,0
151,2,7,7,0,7.7313,0
152,2,7,8,33.686,7.7988,9.145799529
153,2,7,9,233.8819,8.6571,63.24836063
154,2,7,10,402.1018,9.6952,108.2180595
155,2,7,11,506.2539,10.251,135.8968985
156,2,7,12,471.033,11.0123,125.9940854
157,2,7,13,564.9628,11.7517,150.5966958
158,2,7,14,477.6143,12,127.1648074
159,2,7,15,334.8309,12.391,88.98507852
160,2,7,16,119.9945,12.4082,31.88730843
161,2,7,17,17.7782,11.9655,4.734212435
162,2,7,18,0,11.7133,0
163,2,7,19,0,10.3133,0
164,2,7,20,0,10.0587,0
165,2,7,21,0,8.4905,0
166,2,7,22,0,7.568,0
167,2,7,23,0,7.483,0
168,3,1,0,0,6.8014,0
169,3,1,1,0,6.4306,0
170,3,1,2,0,5.951,0
171,3,1,3,0,4.9375,0
172,3,1,4,0,4.6192,0
173,3,1,5,0,4.3209,0
174,3,1,6,0,4.324,0
175,3,1,7,0.7916,4.5588,0.218126567
176,3,1,8,51.1649,5.0011,14.07027715
177,3,1,9,233.1947,6.0691,63.81690693
178,3,1,10,242.8534,7.0693,66.15651432
179,3,1,11,232.546,7.767,63.14583152
180,3,1,12,111.7786,7.8952,30.33458825
181,3,1,13,189.9488,8.2614,51.46154623
182,3,1,14,167.294,8.684,45.23546113
183,3,1,15,139.6645,9.0203,37.70587101
184,3,1,16,84.5105,9.1627,22.80064768
185,3,1,17,17.7176,9.0545,4.782544989
186,3,1,18,0,8.7733,0
187,3,1,19,0,8.5552,0
188,3,1,20,0,8.2743,0
189,3,1,21,0,7.7074,0
190,3,1,22,0,7.4666,0
191,3,1,23,0,7.7629,0
192,3,2,0,0,7.1869,0
193,3,2,1,0,6.8715,0
194,3,2,2,0,6.5588,0
195,3,2,3,0,6.1319,0
196,3,2,4,0,5.8775,0
197,3,2,5,0,5.2348,0
198,3,2,6,0,4.9942,0
199,3,2,7,0,4.5349,0
200,3,2,8,82.3843,4.8369,22.6724786
201,3,2,9,251.7994,6.4375,68.79238295
202,3,2,10,409.2902,8.0917,110.9730519
203,3,2,11,508.9945,9.8567,136.8834455
204,3,2,12,542.2846,11.249,144.8923444
205,3,2,13,540.8212,13.0047,143.3144407
206,3,2,14,418.4829,13.6237,110.5717088
207,3,2,15,321.4585,13.544,84.96791072
208,3,2,16,110.7694,13.0218,29.35087253
209,3,2,17,19.8085,11.7023,5.281384363
210,3,2,18,0,11.3385,0
211,3,2,19,0,11.0343,0
212,3,2,20,0,10.8683,0
213,3,2,21,0,9.9525,0
214,3,2,22,0,8.9435,0
215,3,2,23,0,7.897,0
216,3,3,0,0,7.1685,0
217,3,3,1,0,6.2459,0
218,3,3,2,0,5.6068,0
219,3,3,3,0,5.5281,0
220,3,3,4,0,4.4194,0
221,3,3,5,0,4.3598,0
222,3,3,6,0,4.7007,0
223,3,3,7,1.3064,5.1863,0.358955772
224,3,3,8,67.3331,5.5187,18.4729454
225,3,3,9,232.839,8.0243,63.15050627
226,3,3,10,389.93,9.6022,104.9875802
227,3,3,11,493.9223,10.6323,132.3512343
228,3,3,12,541.1971,11.3345,144.5439362
229,3,3,13,531.5597,12.3152,141.3183356
230,3,3,14,462.1661,13.1682,122.3768461
231,3,3,15,333.4798,13.7433,88.06230258
232,3,3,16,139.2944,13.8148,36.77114465
233,3,3,17,19.1401,13.5963,5.057859948
234,3,3,18,0,12.3468,0
235,3,3,19,0,11.7985,0
236,3,3,20,0,11.8858,0
237,3,3,21,0,11.5567,0
238,3,3,22,0,10.6423,0
239,3,3,23,0,10.0678,0
240,3,4,0,0,9.413,0
241,3,4,1,0,8.8012,0
242,3,4,2,0,8.0901,0
243,3,4,3,0,7.2777,0
244,3,4,4,0,6.6275,0
245,3,4,5,0,5.6733,0
246,3,4,6,0,5.6767,0
247,3,4,7,0,5.7193,0
248,3,4,8,78.168,6.1161,21.38714587
249,3,4,9,241.9403,7.4832,65.78259981
250,3,4,10,391.2218,9.6412,105.3163217
251,3,4,11,482.8519,11.4352,128.9002118
252,3,4,12,542.675,12.0708,144.439192
253,3,4,13,539.7265,13.6463,142.591491
254,3,4,14,468.2544,14.7055,123.0891562
255,3,4,15,341.2971,15.5128,89.37171731
256,3,4,16,136.2664,15.637,35.66142788
257,3,4,17,22.5278,14.631,5.923938448
258,3,4,18,0,13.2445,0
259,3,4,19,0,12.6363,0
260,3,4,20,0,11.5667,0
261,3,4,21,0,10.6705,0
262,3,4,22,0,10.2508,0
263,3,4,23,0,9.4585,0
264,3,5,0,0,8.867,0
265,3,5,1,0,8.1467,0
266,3,5,2,0,7.6536,0
267,3,5,3,0,7.084,0
268,3,5,4,0,5.4159,0
269,3,5,5,0,5.0078,0
270,3,5,6,0,5.4027,0
271,3,5,7,0,5.1633,0
272,3,5,8,62.7049,5.5281,17.20245443
273,3,5,9,175.8372,6.7489,47.9708279
274,3,5,10,311.4335,9.2091,84.00564407
275,3,5,11,378.1492,10.6087,101.3398732
276,3,5,12,333.5638,11.6467,88.95867186
277,3,5,13,305.5378,12.752,81.06223372
278,3,5,14,249.7218,13.2058,66.11203607
279,3,5,15,204.5901,13.6342,54.0541877
280,3,5,16,118.5896,13.7438,31.31598532
281,3,5,17,22.1509,13.538,5.85509202
282,3,5,18,0,13.2633,0
283,3,5,19,0,12.7957,0
284,3,5,20,0,12.4455,0
285,3,5,21,0,12.168,0
286,3,5,22,0,11.8823,0
287,3,5,23,0,11.2958,0
288,3,6,0,0,10.4308,0
289,3,6,1,0,9.9142,0
290,3,6,2,0,10.9502,0
291,3,6,3,0,8.7515,0
292,3,6,4,0,9.5012,0
293,3,6,5,0,8.8996,0
294,3,6,6,0,9.4005,0
295,3,6,7,0,10.7385,0
296,3,6,8,93.2169,10.823,24.95614499
297,3,6,9,270.1549,12.1798,71.86802481
298,3,6,10,423.7843,13.2232,112.1846037
299,3,6,11,525.791,14.0845,138.6218396
300,3,6,12,570.2836,14.7822,149.8547047
301,3,6,13,558.211,15.4167,146.2396293
302,3,6,14,489.1956,15.8407,127.8997616
303,3,6,15,359.9204,16.4435,93.82967363
304,3,6,16,158.8867,16.459,41.41798913
305,3,6,17,26.0518,16.1752,6.800327406
306,3,6,18,0,14.7712,0
307,3,6,19,0,13.2743,0
308,3,6,20,0,12.485,0
309,3,6,21,0,11.8258,0
310,3,6,22,0,11.5053,0
311,3,6,23,0,10.7613,0
312,3,7,0,0,9.8542,0
313,3,7,1,0,9.2192,0
314,3,7,2,0,10.2578,0
315,3,7,3,0,9.5677,0
316,3,7,4,0,8.2627,0
317,3,7,5,0,7.7568,0
318,3,7,6,0,7.6436,0
319,3,7,7,0,7.2792,0
320,3,7,8,93.0457,7.7205,25.27115397
321,3,7,9,270.9884,8.6883,73.27245186
322,3,7,10,428.4753,9.9333,115.188461
323,3,7,11,532.5539,11.5245,142.1090126
324,3,7,12,582.704,12.3987,154.8545349
325,3,7,13,568.1812,13.4363,150.2581462
326,3,7,14,496.2531,14.6043,130.5118979
327,3,7,15,363.949,15.1137,95.48488625
328,3,7,16,159.4704,15.3427,41.79266687
329,3,7,17,24.4914,15.1912,6.423139055
330,3,7,18,0,13.8032,0
331,3,7,19,0,12.8677,0
332,3,7,20,0,11.4072,0
333,3,7,21,0,9.3385,0
334,3,7,22,0,8.2793,0
335,3,7,23,0,7.9931,0
336,4,1,0,0,7.4072,0
337,4,1,1,0,6.7699,0
338,4,1,2,0,6.0585,0
339,4,1,3,0,5.8345,0
340,4,1,4,0,5.8124,0
341,4,1,5,0,6.2568,0
342,4,1,6,0,6.3079,0
343,4,1,7,0,5.2498,0
344,4,1,8,55.948,5.6968,15.33696929
345,4,1,9,167.0396,6.3735,45.64910389
346,4,1,10,406.3159,8.3806,110.0198831
347,4,1,11,510.3812,10.3517,136.9405712
348,4,1,12,558.2219,11.864,148.7214786
349,4,1,13,550.5866,13.5092,145.5550006
350,4,1,14,485.555,13.5955,128.31064
351,4,1,15,360.1254,13.9238,95.01737619
352,4,1,16,162.8089,14.0518,42.9303055
353,4,1,17,28.8367,13.2903,7.631261382
354,4,1,18,0,12.2242,0
355,4,1,19,0,11.8412,0
356,4,1,20,0,11.1173,0
357,4,1,21,0,10.5163,0
358,4,1,22,0,9.1588,0
359,4,1,23,0,8.8962,0
360,4,2,0,0,8.5145,0
361,4,2,1,0,6.7434,0
362,4,2,2,0,5.9831,0
363,4,2,3,0,4.9168,0
364,4,2,4,0,4.2289,0
365,4,2,5,0,3.6936,0
366,4,2,6,0,3.2864,0
367,4,2,7,0,3.0313,0
368,4,2,8,40.263,2.9967,11.17314858
369,4,2,9,160.9781,3.3547,44.60004908
370,4,2,10,217.5185,3.5263,60.21828377
371,4,2,11,314.6945,3.7459,87.03431047
372,4,2,12,283.4206,4.1538,78.24045314
373,4,2,13,313.3246,4.4356,86.38531551
374,4,2,14,354.0741,5.0095,97.36617287
375,4,2,15,227.8852,4.917,62.69207309
376,4,2,16,103.5052,4.8996,28.4769199
377,4,2,17,19.785,4.7824,5.44625652
378,4,2,18,0,4.2233,0
379,4,2,19,0,3.3345,0
380,4,2,20,0,3.0179,0
381,4,2,21,0,2.4509,0
382,4,2,22,0,1.6907,0
383,4,2,23,0,1.6522,0
384,4,3,0,0,1.1535,0
385,4,3,1,0,0.5739,0
386,4,3,2,0,0.9274,0
387,4,3,3,0,0.3988,0
388,4,3,4,0,-0.4048,0
389,4,3,5,0,-0.7687,0
390,4,3,6,0,-1.1005,0
391,4,3,7,0,-1.1028,0
392,4,3,8,96.0119,-0.818,27.10151904
393,4,3,9,281.0845,0.1648,78.99711222
394,4,3,10,438.018,1.6081,122.3120916
395,4,3,11,542.7274,2.6633,150.8352739
396,4,3,12,593.068,3.8765,163.9265899
397,4,3,13,577.0726,5.2487,158.5155676
398,4,3,14,510.4318,6.2668,139.5604762
399,4,3,15,377.0852,7.1463,102.6867575
400,4,3,16,174.2551,7.4475,47.3870408
401,4,3,17,20.1707,7.2451,5.490335952
402,4,3,18,0,6.8757,0
403,4,3,19,0,6.5725,0
404,4,3,20,0,5.7305,0
405,4,3,21,0,4.855,0
406,4,3,22,0,4.3374,0
407,4,3,23,0,5.0372,0
408,4,4,0,0,4.18,0
409,4,4,1,0,3.0239,0
410,4,4,2,0,3.8359,0
411,4,4,3,0,3.9104,0
412,4,4,4,0,3.6432,0
413,4,4,5,0,2.6218,0
414,4,4,6,0,2.3988,0
415,4,4,7,0.0511,3.0113,0.014179528
416,4,4,8,92.3781,4.0268,25.51635546
417,4,4,9,269.9623,5.3605,74.11798074
418,4,4,10,429.1463,6.8806,117.0064168
419,4,4,11,535.9123,7.918,145.4211424
420,4,4,12,585.9111,9.6813,157.6970205
421,4,4,13,573.0912,11.0403,153.2730265
422,4,4,14,507.5956,11.993,135.15177
423,4,4,15,377.9709,12.649,100.3281232
424,4,4,16,178.5178,13.0402,47.29824648
425,4,4,17,39.3411,12.636,10.4432917
426,4,4,18,0,11.6565,0
427,4,4,19,0,11.0115,0
428,4,4,20,0,10.0553,0
429,4,4,21,0,9.24,0
430,4,4,22,0,8.1286,0
431,4,4,23,0,7.9088,0
432,4,5,0,0,6.6899,0
433,4,5,1,0,6.413,0
434,4,5,2,0,5.959,0
435,4,5,3,0,4.3671,0
436,4,5,4,0,3.9698,0
437,4,5,5,0,3.0099,0
438,4,5,6,0,3.1156,0
439,4,5,7,0,2.3597,0
440,4,5,8,95.7279,3.0203,26.56206315
441,4,5,9,273.6662,5.6709,75.02870168
442,4,5,10,432.3285,7.2602,117.6689014
443,4,5,11,539.3963,8.2316,146.1550911
444,4,5,12,584.1527,9.0133,157.7115175
445,4,5,13,570.2982,10.2182,153.1120924
446,4,5,14,503.4996,10.9478,134.7189963
447,4,5,15,376.2238,11.5868,100.3639063
448,4,5,16,175.339,11.9903,46.68613474
449,4,5,17,37.7932,11.5112,10.08553115
450,4,5,18,0,10.5073,0
451,4,5,19,0,9.6832,0
452,4,5,20,0,9.2215,0
453,4,5,21,0,7.7733,0
454,4,5,22,0,6.4545,0
455,4,5,23,0,5.5538,0
456,4,6,0,0,4.7075,0
457,4,6,1,0,3.8541,0
458,4,6,2,0,3.1262,0
459,4,6,3,0,2.6674,0
460,4,6,4,0,2.2154,0
461,4,6,5,0,1.9475,0
462,4,6,6,0,1.692,0
463,4,6,7,0.4576,1.0808,0.128081782
464,4,6,8,118.7507,1.4669,33.18089012
465,4,6,9,353.1045,3.806,97.63074597
466,4,6,10,312.1187,5.025,85.82288879
467,4,6,11,543.3633,6.6213,148.3237139
468,4,6,12,596.2114,8.2856,161.5094948
469,4,6,13,587.5682,9.7923,158.0615011
470,4,6,14,528.6481,10.589,141.6849597
471,4,6,15,395.114,11.9355,105.2309586
472,4,6,16,184.7354,13.6063,48.81487466
473,4,6,17,38.3316,14.4113,10.09025227
474,4,6,18,0,14.5255,0
475,4,6,19,0,14.0787,0
476,4,6,20,0,13.8932,0
477,4,6,21,0,13.428,0
478,4,6,22,0,12.9785,0
479,4,6,23,0,12.2167,0
480,4,7,0,0,11.687,0
481,4,7,1,0,10.9167,0
482,4,7,2,0,10.2233,0
483,4,7,3,0,9.5575,0
484,4,7,4,0,9.4668,0
485,4,7,5,0,8.595,0
486,4,7,6,0,8.2451,0
487,4,7,7,0.0368,7.8512,0.009988845
488,4,7,8,95.5809,7.5192,25.98376325
489,4,7,9,285.4552,8.3552,77.30298089
490,4,7,10,446.5729,9.293,120.4111257
491,4,7,11,549.5994,10.1472,147.6037125
492,4,7,12,614.7144,10.894,164.5175517
493,4,7,13,603.2598,11.5888,160.9279973
494,4,7,14,520.3828,12.2828,138.3679652
495,4,7,15,396.9714,12.4213,105.4845802
496,4,7,16,191.4384,12.2775,50.90406881
497,4,7,17,43.9914,11.5843,11.73556928
498,4,7,18,0,10.9797,0
499,4,7,19,0,10.363,0
500,4,7,20,0,9.831,0
501,4,7,21,0,9.8567,0
502,4,7,22,0,9.5962,0
503,4,7,23,0,9.7925,0
504,5,1,0,0,8.9847,0
505,5,1,1,0,8.5665,0
506,5,1,2,0,8.2977,0
507,5,1,3,0,7.7268,0
508,5,1,4,0,7.1518,0
509,5,1,5,0,6.6817,0
510,5,1,6,0,6.5805,0
511,5,1,7,0.9462,6.6682,0.258231937
512,5,1,8,49.0961,7.0782,13.37388811
513,5,1,9,164.8251,7.6297,44.78510179
514,5,1,10,382.6024,8.7833,103.4062854
515,5,1,11,543.7517,10.3117,145.9214101
516,5,1,12,461.4419,11.0165,123.426191
517,5,1,13,570.1713,11.5495,152.1291863
518,5,1,14,516.7735,11.9453,137.6262788
519,5,1,15,400.0006,12.3203,106.3400095
520,5,1,16,194.6287,12.2942,51.74831667
521,5,1,17,40.7634,11.9677,10.85490107
522,5,1,18,0,11.4115,0
523,5,1,19,0,10.5448,0
524,5,1,20,0,9.747,0
525,5,1,21,0,9.234,0
526,5,1,22,0,8.917,0
527,5,1,23,0,7.9932,0
528,5,2,0,0,7.5842,0
529,5,2,1,0,6.2983,0
530,5,2,2,0,6.0589,0
531,5,2,3,0,6.1366,0
532,5,2,4,0,6.3072,0
533,5,2,5,0,5.8236,0
534,5,2,6,0,5.4445,0
535,5,2,7,1.3304,4.7377,0.366296205
536,5,2,8,52.1744,4.6179,14.3728798
537,5,2,9,247.939,6.0635,67.85362109
538,5,2,10,270.7982,7.3719,73.66662219
539,5,2,11,491.4548,8.1903,133.1902097
540,5,2,12,549.6743,9.5685,148.0214487
541,5,2,13,473.0719,10.3377,126.9383776
542,5,2,14,502.2027,10.9605,134.3640185
543,5,2,15,392.0313,11.7133,104.5188278
544,5,2,16,156.2157,11.7965,41.63216749
545,5,2,17,54.1156,11.7433,14.42564284
546,5,2,18,0,11.2378,0
547,5,2,19,0,10.2503,0
548,5,2,20,0,9.5567,0
549,5,2,21,0,9.4207,0
550,5,2,22,0,9.404,0
551,5,2,23,0,9.3795,0
552,5,3,0,0,8.8663,0
553,5,3,1,0,8.8223,0
554,5,3,2,0,8.3748,0
555,5,3,3,0,8.3558,0
556,5,3,4,0,8.5161,0
557,5,3,5,0,7.8859,0
558,5,3,6,0,8.0479,0
559,5,3,7,0,6.3941,0
560,5,3,8,97.0226,6.8553,26.45620746
561,5,3,9,237.2455,8.0195,64.34705902
562,5,3,10,454.9699,8.8298,122.9386678
563,5,3,11,562.7539,9.938,151.2837241
564,5,3,12,622.8278,10.6088,166.9109993
565,5,3,13,617.7034,10.8785,165.3294732
566,5,3,14,483.2903,11.447,129.0101168
567,5,3,15,387.0218,11.6073,103.2345336
568,5,3,16,184.3452,11.5483,49.18599541
569,5,3,17,55.973,11.0813,14.96708924
570,5,3,18,0,10.4993,0
571,5,3,19,0,9.7895,0
572,5,3,20,0,9.2845,0
573,5,3,21,0,8.8758,0
574,5,3,22,0,8.6415,0
575,5,3,23,0,8.5187,0
576,5,4,0,0,8.1344,0
577,5,4,1,0,7.6061,0
578,5,4,2,0,7.3037,0
579,5,4,3,0,6.9408,0
580,5,4,4,0,6.2542,0
581,5,4,5,0,6.4802,0
582,5,4,6,0,6.7387,0
583,5,4,7,1.7285,6.5966,0.471887846
584,5,4,8,104.025,6.9937,28.3476317
585,5,4,9,282.7667,7.538,76.86376514
586,5,4,10,447.322,8.7765,120.9019106
587,5,4,11,570.2088,9.823,153.3697737
588,5,4,12,294.4508,10.5477,78.93206412
589,5,4,13,216.3361,11.1752,57.82252914
590,5,4,14,175.5592,12.1637,46.7067132
591,5,4,15,134.7596,12.4117,35.81039284
592,5,4,16,119.4265,12.6905,31.69422563
593,5,4,17,14.4896,12.5858,3.84724599
594,5,4,18,0,12.0302,0
595,5,4,19,0,11.1392,0
596,5,4,20,0,10.2123,0
597,5,4,21,0,9.6323,0
598,5,4,22,0,9.2045,0
599,5,4,23,0,8.7435,0
600,5,5,0,0,8.4556,0
601,5,5,1,0,7.8894,0
602,5,5,2,0,7.0977,0
603,5,5,3,0,6.1558,0
604,5,5,4,0,5.9078,0
605,5,5,5,0,5.9579,0
606,5,5,6,0,5.4755,0
607,5,5,7,1.2869,4.9735,0.353940129
608,5,5,8,102.6418,5.8258,28.120543
609,5,5,9,248.1996,7.1828,67.57767739
610,5,5,10,442.5609,8.4681,119.7856907
611,5,5,11,440.4962,10.205,118.2704766
612,5,5,12,624.0695,11.4425,166.5934028
613,5,5,13,595.0231,12.1152,158.339217
614,5,5,14,533.32,13.1067,141.2586684
615,5,5,15,409.1558,13.723,108.0565124
616,5,5,16,222.5282,13.9145,58.71559545
617,5,5,17,34.3631,13.675,9.077227634
618,5,5,18,0,13.0077,0
619,5,5,19,0,12.3003,0
620,5,5,20,0,11.93,0
621,5,5,21,0,11.5137,0
622,5,5,22,0,11.1527,0
623,5,5,23,0,10.9533,0
624,5,6,0,0,10.7605,0
625,5,6,1,0,11.0537,0
626,5,6,2,0,9.826,0
627,5,6,3,0,8.3845,0
628,5,6,4,0,7.181,0
629,5,6,5,0,7.2679,0
630,5,6,6,0,6.9186,0
631,5,6,7,0.2937,6.619,0.080173125
632,5,6,8,18.3312,6.7193,5.00168396
633,5,6,9,44.3915,7.035,12.09474162
634,5,6,10,62.9495,7.2366,17.13512144
635,5,6,11,81.1335,7.392,22.06912334
636,5,6,12,120.224,7.7387,32.65002816
637,5,6,13,317.8313,8.7673,85.90690018
638,5,6,14,228.3008,9.5677,61.47920804
639,5,6,15,346.8098,10.1268,93.1501644
640,5,6,16,170.299,10.521,45.65694903
641,5,6,17,22.4492,10.8615,6.009047518
642,5,6,18,0,12.2508,0
643,5,6,19,0,13.344,0
644,5,6,20,0,12.358,0
645,5,6,21,0,11.8852,0
646,5,6,22,0,11.2695,0
647,5,6,23,0,10.5007,0
648,5,7,0,0,11.124,0
649,5,7,1,0,10.9087,0
650,5,7,2,0,10.3798,0
651,5,7,3,0,10.2158,0
652,5,7,4,0,9.9268,0
653,5,7,5,0,10.8477,0
654,5,7,6,0,10.1907,0
655,5,7,7,1.2454,10.4897,0.33393891
656,5,7,8,47.492,10.9268,12.70845552
657,5,7,9,191.1128,11.3392,51.04164217
658,5,7,10,498.9922,12.2408,132.7064766
659,5,7,11,629.2561,12.525,167.1264873
660,5,7,12,551.311,12.5175,146.4299244
661,5,7,13,378.5293,11.4632,101.0374193
662,5,7,14,430.9092,11.3325,115.0891144
663,5,7,15,418.8672,11.6485,111.7074318
664,5,7,16,263.1384,11.3265,70.28212864
665,5,7,17,56.2296,8.4568,15.2201719
666,5,7,18,0,8.2567,0
667,5,7,19,0,8.9178,0
668,5,7,20,0,8.2709,0
669,5,7,21,0,7.5419,0
670,5,7,22,0,6.8706,0
671,5,7,23,0,6.4845,0
672,6,1,0,0,6.1253,0
673,6,1,1,0,5.3342,0
674,6,1,2,0,4.4883,0
675,6,1,3,0,4.0375,0
676,6,1,4,0,3.211,0
677,6,1,5,0,2.5984,0
678,6,1,6,0,2.391,0
679,6,1,7,0.7656,1.9178,0.213489665
680,6,1,8,118.8709,3.1553,32.96359894
681,6,1,9,301.535,3.2843,83.5688045
682,6,1,10,464.6373,5.0524,127.7448238
683,6,1,11,463.2406,5.7077,126.9813708
684,6,1,12,461.4229,5.8758,126.3861548
685,6,1,13,573.1907,6.8101,156.3305269
686,6,1,14,515.4173,7.6016,140.0636204
687,6,1,15,477.8522,7.8632,129.699122
688,6,1,16,226.5643,7.6955,61.54180241
689,6,1,17,32.7299,7.6843,8.890901412
690,6,1,18,0,7.4913,0
691,6,1,19,0,7.0775,0
692,6,1,20,0,5.7092,0
693,6,1,21,0,5.1336,0
694,6,1,22,0,4.8464,0
695,6,1,23,0,4.0496,0
696,6,2,0,0,3.8885,0
697,6,2,1,0,3.4273,0
698,6,2,2,0,2.795,0
699,6,2,3,0,2.2207,0
700,6,2,4,0,2.0515,0
701,6,2,5,0,1.7227,0
702,6,2,6,0,1.8603,0
703,6,2,7,0.5206,1.7057,0.145308766
704,6,2,8,109.4622,2.9941,30.37656778
705,6,2,9,312.931,6.7307,85.3790379
706,6,2,10,483.8477,8.3859,131.0102926
707,6,2,11,597.7754,9.0583,161.3557951
708,6,2,12,653.2814,9.5447,175.941175
709,6,2,13,650.8736,10.0297,174.8981163
710,6,2,14,580.8062,10.2205,155.9315815
711,6,2,15,447.1607,10.1468,120.0923841
712,6,2,16,264.267,10.006,71.01977425
713,6,2,17,54.0386,9.6865,14.54405013
714,6,2,18,0,8.3597,0
715,6,2,19,0,7.5956,0
716,6,2,20,0,6.9877,0
717,6,2,21,0,6.5378,0
718,6,2,22,0,6.1804,0
719,6,2,23,0,5.8006,0
720,6,3,0,0,5.0127,0
721,6,3,1,0,3.2069,0
722,6,3,2,0,3.3786,0
723,6,3,3,0,3.2912,0
724,6,3,4,0,2.1693,0
725,6,3,5,0,1.1973,0
726,6,3,6,0,1.0996,0
727,6,3,7,1.9135,0.7627,0.536347592
728,6,3,8,125.2426,1.9533,34.91868579
729,6,3,9,311.7171,2.9776,86.51022333
730,6,3,10,478.6339,4.7055,131.8005196
731,6,3,11,588.202,5.6641,161.2672688
732,6,3,12,642.5823,6.4311,175.5606331
733,6,3,13,635.3972,7.3382,172.8771228
734,6,3,14,568.5211,7.9614,154.2387795
735,6,3,15,445.4033,8.6168,120.4722392
736,6,3,16,258.9173,8.8025,69.97159121
737,6,3,17,56.9437,8.7522,15.39243731
738,6,3,18,0,8.2122,0
739,6,3,19,0,7.4035,0
740,6,3,20,0,6.6851,0
741,6,3,21,0,5.9428,0
742,6,3,22,0,5.1806,0
743,6,3,23,0,4.9763,0
744,6,4,0,0,4.6994,0
745,6,4,1,0,4.3764,0
746,6,4,2,0,4.012,0
747,6,4,3,0,3.8015,0
748,6,4,4,0,3.0924,0
749,6,4,5,0,2.6005,0
750,6,4,6,0,2.097,0
751,6,4,7,2.9659,2.4726,0.82499252
752,6,4,8,123.7366,3.0314,34.33204984
753,6,4,9,312.1132,4.4266,86.05483714
754,6,4,10,475.7612,5.6915,130.4230939
755,6,4,11,585.2196,7.1065,159.3944336
756,6,4,12,637.7623,8.0515,172.9519679
757,6,4,13,623.8433,8.9868,168.4479844
758,6,4,14,557.7702,10.0187,149.8877034
759,6,4,15,428.88,10.7938,114.8359438
760,6,4,16,230.8711,11.0057,61.75637429
761,6,4,17,24.5175,10.6975,6.56770193
762,6,4,18,0,10.527,0
763,6,4,19,0,9.8605,0
764,6,4,20,0,9.7962,0
765,6,4,21,0,9.6328,0
766,6,4,22,0,9.5202,0
767,6,4,23,0,9.3412,0
768,6,5,0,0,8.1075,0
769,6,5,1,0,7.0627,0
770,6,5,2,0,6.4785,0
771,6,5,3,0,5.6058,0
772,6,5,4,0,5.1838,0
773,6,5,5,0,4.852,0
774,6,5,6,0,5.057,0
775,6,5,7,2.6282,4.0732,0.72579977
776,6,5,8,119.7091,4.6083,32.97861507
777,6,5,9,307.3933,7.0391,83.7496504
778,6,5,10,411.5739,8.791,111.2324767
779,6,5,11,416.7899,9.0903,112.4862278
780,6,5,12,281.9561,9.5592,75.93105969
781,6,5,13,224.7553,10.069,60.38360173
782,6,5,14,285.997,10.745,76.59535904
783,6,5,15,399.9318,11.2525,106.855528
784,6,5,16,255.972,11.6103,68.27723536
785,6,5,17,45.4857,11.2528,12.15305127
786,6,5,18,0,10.199,0
787,6,5,19,0,9.0903,0
788,6,5,20,0,8.572,0
789,6,5,21,0,8.2471,0
790,6,5,22,0,8.6587,0
791,6,5,23,0,8.2156,0
792,6,6,0,0,8.0166,0
793,6,6,1,0,9.4173,0
794,6,6,2,0,10.4672,0
795,6,6,3,0,10.8902,0
796,6,6,4,0,10.3682,0
797,6,6,5,0,9.9033,0
798,6,6,6,0,9.3853,0
799,6,6,7,0,9.1735,0
800,6,6,8,23.7952,9.7187,6.403326987
801,6,6,9,82.9733,10.397,22.25789887
802,6,6,10,71.3892,10.9705,19.09924348
803,6,6,11,122.8264,11.0392,32.85004351
804,6,6,12,404.8569,11.4073,108.093098
805,6,6,13,331.2107,11.9853,88.19093487
806,6,6,14,113.1685,12.5523,30.05298442
807,6,6,15,329.8818,14.0832,86.97201704
808,6,6,16,276.2996,13.8757,72.91694955
809,6,6,17,67.5425,12.0543,17.97860618
810,6,6,18,0,7.463,0
811,6,6,19,0,6.967,0
812,6,6,20,0,7.6757,0
813,6,6,21,0,7.4881,0
814,6,6,22,0,7.9697,0
815,6,6,23,0,7.6913,0
816,6,7,0,0,6.9769,0
817,6,7,1,0,6.9292,0
818,6,7,2,0,5.8093,0
819,6,7,3,0,5.8361,0
820,6,7,4,0,5.3676,0
821,6,7,5,0,5.5374,0
822,6,7,6,0,4.9601,0
823,6,7,7,4.1996,5.3107,1.15325898
824,6,7,8,123.6261,5.4941,33.92082293
825,6,7,9,340.6741,7.2425,92.73042541
826,6,7,10,502.3133,7.878,136.3290854
827,6,7,11,618.6649,8.378,167.520535
828,6,7,12,680.9496,8.8055,184.0219479
829,6,7,13,679.6141,9.221,183.3080636
830,6,7,14,603.3508,9.6187,162.4380996
831,6,7,15,470.3973,9.6837,126.6052577
832,6,7,16,291.0588,9.5757,78.37642281
833,6,7,17,61.7046,9.4555,16.62510894
834,6,7,18,0,8.901,0
835,6,7,19,0,8.4543,0
836,6,7,20,0,7.709,0
837,6,7,21,0,6.7521,0
838,6,7,22,0,6.4214,0
839,6,7,23,0,5.9911,0
840,7,1,0,0,5.5457,0
841,7,1,1,0,5.2049,0
842,7,1,2,0,4.7192,0
843,7,1,3,0,4.4701,0
844,7,1,4,0,4.1993,0
845,7,1,5,0,4.0236,0
846,7,1,6,0,3.6262,0
847,7,1,7,5.3327,3.4528,1.476805942
848,7,1,8,143.8376,3.7754,39.77551941
849,7,1,9,343.0793,4.4463,94.58426126
850,7,1,10,509.664,5.0685,140.11396
851,7,1,11,624.0832,5.8476,170.9616638
852,7,1,12,678.5636,6.5979,185.249644
853,7,1,13,665.7579,7.345,181.1319197
854,7,1,14,596.6131,8.1167,161.7442724
855,7,1,15,468.8002,8.7157,126.7426539
856,7,1,16,284.7414,8.9777,76.88811517
857,7,1,17,62.1515,8.8667,16.79126099
858,7,1,18,0,8.4678,0
859,7,1,19,0,8.0924,0
860,7,1,20,0,7.1651,0
861,7,1,21,0,6.5971,0
862,7,1,22,0,5.4652,0
863,7,1,23,0,4.9852,0
864,7,2,0,0,4.0817,0
865,7,2,1,0,3.3002,0
866,7,2,2,0,3.2417,0
867,7,2,3,0,2.7506,0
868,7,2,4,0,2.4889,0
869,7,2,5,0,1.7511,0
870,7,2,6,0,1.829,0
871,7,2,7,7.4149,1.6267,2.070363353
872,7,2,8,107.0274,2.2581,29.79935804
873,7,2,9,296.141,3.9381,81.83186516
874,7,2,10,475.3782,5.4133,130.4834127
875,7,2,11,598.1522,6.9942,163.0008111
876,7,2,12,647.2639,8.2232,175.3897462
877,7,2,13,622.217,9.11,167.9130352
878,7,2,14,559.1569,9.9905,150.2800569
879,7,2,15,438.6688,10.4037,117.6708768
880,7,2,16,269.8043,10.5358,72.3292042
881,7,2,17,69.7871,10.3965,18.72069489
882,7,2,18,0,9.907,0
883,7,2,19,0,9.2607,0
884,7,2,20,0,8.8155,0
885,7,2,21,0,8.2348,0
886,7,2,22,0,7.3863,0
887,7,2,23,0,6.6615,0
888,7,3,0,0,5.9723,0
889,7,3,1,0,5.6602,0
890,7,3,2,0,5.2971,0
891,7,3,3,0,4.3122,0
892,7,3,4,0,4.5155,0
893,7,3,5,0,3.8048,0
894,7,3,6,0,2.966,0
895,7,3,7,7.691,2.7355,2.136795337
896,7,3,8,130.742,4.4038,36.05148548
897,7,3,9,324.7242,6.3216,88.76271062
898,7,3,10,486.322,8.1422,131.8283988
899,7,3,11,597.5435,9.2748,161.1314888
900,7,3,12,648.7262,10.533,173.9129524
901,7,3,13,639.3274,12.0517,170.1796037
902,7,3,14,576.3738,13.3158,152.5115334
903,7,3,15,453.3861,14.6918,119.1885182
904,7,3,16,298.3374,14.6577,78.44121862
905,7,3,17,81.9754,13.96,21.62511052
906,7,3,18,0.1844,12.9927,0.048867683
907,7,3,19,0,12.1917,0
908,7,3,20,0,11.4542,0
909,7,3,21,0,11.0823,0
910,7,3,22,0,10.803,0
911,7,3,23,0,10.1192,0
912,7,4,0,0,8.7555,0
913,7,4,1,0,8.2267,0
914,7,4,2,0,7.5642,0
915,7,4,3,0,7.3662,0
916,7,4,4,0,7.1993,0
917,7,4,5,0,7.3308,0
918,7,4,6,0,7.7894,0
919,7,4,7,4.7009,6.9165,1.281485906
920,7,4,8,111.9667,6.5476,30.57424292
921,7,4,9,341.2664,8.2325,92.46933045
922,7,4,10,500.5166,10.7872,134.0213279
923,7,4,11,623.632,12.6225,165.5567564
924,7,4,12,679.6331,14.1795,179.1007374
925,7,4,13,667.8817,15.5942,174.8228771
926,7,4,14,590.8516,16.6407,153.8867822
927,7,4,15,465.1242,17.3545,120.7261838
928,7,4,16,292.432,18.0573,75.64583456
929,7,4,17,82.187,17.6223,21.30468879
930,7,4,18,0.1033,16.7622,0.026888706
931,7,4,19,0,15.933,0
932,7,4,20,0,14.6903,0
933,7,4,21,0,13.3975,0
934,7,4,22,0,12.0402,0
935,7,4,23,0,11.478,0
936,7,5,0,0,11.0808,0
937,7,5,1,0,10.1698,0
938,7,5,2,0,9.2707,0
939,7,5,3,0,8.5294,0
940,7,5,4,0,8.677,0
941,7,5,5,0,7.3711,0
942,7,5,6,0,7.9251,0
943,7,5,7,8.4248,7.9789,2.285449204
944,7,5,8,149.9034,8.1742,40.62865578
945,7,5,9,344.3693,10.7967,92.2063006
946,7,5,10,501.5659,13.5703,132.5574097
947,7,5,11,615.9997,15.1232,161.6050573
948,7,5,12,674.6073,16.6023,175.7332622
949,7,5,13,667.192,17.169,173.3289757
950,7,5,14,598.2546,18.2467,154.613891
951,7,5,15,475.1265,18.842,122.4389112
952,7,5,16,299.0319,19.3758,76.86024401
953,7,5,17,73.4533,19.5028,18.86805935
954,7,5,18,0,18.6362,0
955,7,5,19,0,17.7035,0
956,7,5,20,0,16.4855,0
957,7,5,21,0,14.8872,0
958,7,5,22,0,13.0825,0
959,7,5,23,0,12.1235,0
960,7,6,0,0,11.4142,0
961,7,6,1,0,11.1003,0
962,7,6,2,0,10.689,0
963,7,6,3,0,10.0067,0
964,7,6,4,0,9.3652,0
965,7,6,5,0,9.2932,0
966,7,6,6,0,9.4548,0
967,7,6,7,12.6249,8.914,3.410080177
968,7,6,8,113.4731,9.3038,30.59464559
969,7,6,9,313.481,11.7742,83.55279626
970,7,6,10,525.3126,13.4313,138.9246298
971,7,6,11,605.3296,15.8302,158.2708392
972,7,6,12,662.1402,17.3157,171.8951549
973,7,6,13,646.5995,18.195,167.150012
974,7,6,14,529.9581,19.2395,136.3055545
975,7,6,15,436.5369,19.9112,111.9110362
976,7,6,16,247.3301,20.1183,63.34176419
977,7,6,17,102.3052,20.0638,26.20754866
978,7,6,18,2.4543,19.1518,0.631516547
979,7,6,19,0,17.7178,0
980,7,6,20,0,16.7095,0
981,7,6,21,0,15.0248,0
982,7,6,22,0,13.9313,0
983,7,6,23,0,13.3132,0
984,7,7,0,0,11.9368,0
985,7,7,1,0,11.1033,0
986,7,7,2,0,10.8525,0
987,7,7,3,0,11.1468,0
988,7,7,4,0,10.1103,0
989,7,7,5,0,8.7865,0
990,7,7,6,0,8.886,0
991,7,7,7,12.1795,8.3581,3.298237526
992,7,7,8,172.9831,10.0923,46.4692502
993,7,7,9,279.0833,11.9445,74.32529003
994,7,7,10,481.2062,13.6787,127.1113997
995,7,7,11,533.779,15.4713,139.8025249
996,7,7,12,664.9836,17.22,172.7128655
997,7,7,13,664.5099,19.2928,170.8680886
998,7,7,14,579.9046,20.4998,148.2382584
999,7,7,15,457.9245,21.5305,116.4670863
1000,7,7,16,288.0631,21.8155,73.16244618
1001,7,7,17,81.9521,21.55,20.84144343
1002,7,7,18,0.7871,20.8477,0.200860344
1003,7,7,19,0,19.9212,0
1004,7,7,20,0,19.3298,0
1005,7,7,21,0,18.3005,0
1006,7,7,22,0,16.9548,0
1007,7,7,23,0,15.9307,0
1008,8,1,0,0,15.4797,0
1009,8,1,1,0,15.983,0
1010,8,1,2,0,14.904,0
1011,8,1,3,0,15.085,0
1012,8,1,4,0,13.2098,0
1013,8,1,5,0,13.1122,0
1014,8,1,6,0,12.1858,0
1015,8,1,7,10.8512,12.9433,2.876337079
1016,8,1,8,163.1807,13.0065,43.24155966
1017,8,1,9,360.1064,13.9777,94.98810097
1018,8,1,10,523.3072,15.3327,137.1505096
1019,8,1,11,634.9146,16.5765,165.4139039
1020,8,1,12,687.604,18.0122,177.907049
1021,8,1,13,680.8151,19.358,175.0052235
1022,8,1,14,613.3373,20.6107,156.6994768
1023,8,1,15,487.1283,21.4633,123.9356083
1024,8,1,16,309.0642,22.113,78.38138543
1025,8,1,17,84.0374,22.0228,21.32209518
1026,8,1,18,0,20.9902,0
1027,8,1,19,0,19.6122,0
1028,8,1,20,0,18.8012,0
1029,8,1,21,0,17.7535,0
1030,8,1,22,0,17.0582,0
1031,8,1,23,0,15.5153,0
1032,8,2,0,0,13.5783,0
1033,8,2,1,0,12.5002,0
1034,8,2,2,0,11.441,0
1035,8,2,3,0,10.9858,0
1036,8,2,4,0,10.3763,0
1037,8,2,5,0,9.525,0
1038,8,2,6,0,9.0937,0
1039,8,2,7,13.2198,8.8702,3.571490913
1040,8,2,8,163.2292,10.1282,43.84169002
1041,8,2,9,367.5345,11.7215,97.98400857
1042,8,2,10,542.2346,13.5312,143.3321252
1043,8,2,11,664.5167,15.6453,173.899618
1044,8,2,12,711.1131,17.8725,184.1138483
1045,8,2,13,590.9472,23.1398,149.1109
1046,8,2,14,307.1405,23.5967,77.32388783
1047,8,2,15,452.2637,23.932,113.669697
1048,8,2,16,187.1985,24.2392,46.97765077
1049,8,2,17,104.7936,24.041,26.32402133
1050,8,2,18,3.5363,21.9428,0.897588971
1051,8,2,19,0,14.6968,0
1052,8,2,20,0,11.5898,0
1053,8,2,21,0,11.204,0
1054,8,2,22,0,9.8125,0
1055,8,2,23,0,8.492,0
1056,8,3,0,0,7.441,0
1057,8,3,1,0,6.8943,0
1058,8,3,2,0,6.3968,0
1059,8,3,3,0,5.9642,0
1060,8,3,4,0,5.7481,0
1061,8,3,5,0,5.6187,0
1062,8,3,6,0,5.5845,0
1063,8,3,7,17.2394,5.3761,4.732730327
1064,8,3,8,189.7713,5.491,52.07063536
1065,8,3,9,382.9403,6.1981,104.7350815
1066,8,3,10,551.4345,6.9021,150.333383
1067,8,3,11,668.4372,7.6082,181.6409576
1068,8,3,12,611.3936,8.5174,165.4450952
1069,8,3,13,549.9459,9.1195,148.4032448
1070,8,3,14,523.4329,9.6563,140.8974717
1071,8,3,15,141.8082,9.6838,38.16700344
1072,8,3,16,141.1627,9.4782,38.029549
1073,8,3,17,51.8475,9.112,13.99156635
1074,8,3,18,2.9412,8.3452,0.796531372
1075,8,3,19,0,8.1085,0
1076,8,3,20,0,8.0341,0
1077,8,3,21,0,7.8901,0
1078,8,3,22,0,7.4678,0
1079,8,3,23,0,7.3774,0
1080,8,4,0,0,7.3686,0
1081,8,4,1,0,7.0718,0
1082,8,4,2,0,6.9235,0
1083,8,4,3,0,6.6954,0
1084,8,4,4,0,6.7181,0
1085,8,4,5,0,6.6921,0
1086,8,4,6,0,6.6189,0
1087,8,4,7,12.4454,6.4957,3.399216769
1088,8,4,8,176.2032,7.1131,47.99046127
1089,8,4,9,379.5603,8.0759,102.9197206
1090,8,4,10,547.2158,9.1063,147.6755547
1091,8,4,11,661.8682,10.4047,177.5422562
1092,8,4,12,719.5133,11.6307,191.9025615
1093,8,4,13,713.5158,12.8715,189.1962955
1094,8,4,14,641.5735,13.5813,169.5507942
1095,8,4,15,514.2046,14.5468,135.2700044
1096,8,4,16,336.5764,14.931,88.38033471
1097,8,4,17,91.4692,14.9828,24.01263159
1098,8,4,18,2.5695,14.3465,0.67659271
1099,8,4,19,0,13.46,0
1100,8,4,20,0,12.1595,0
1101,8,4,21,0,11.331,0
1102,8,4,22,0,10.423,0
1103,8,4,23,0,9.9925,0
1104,8,5,0,0,9.6633,0
1105,8,5,1,0,8.9958,0
1106,8,5,2,0,8.426,0
1107,8,5,3,0,7.8602,0
1108,8,5,4,0,6.5883,0
1109,8,5,5,0,6.1635,0
1110,8,5,6,0,5.5745,0
1111,8,5,7,12.6117,4.8595,3.47043243
1112,8,5,8,183.1683,6.1158,50.11580851
1113,8,5,9,383.8903,9.135,103.5855995
1114,8,5,10,544.0973,9.7317,146.408626
1115,8,5,11,658.5122,11.3627,175.8534605
1116,8,5,12,717.2161,12.8757,190.173704
1117,8,5,13,702.4291,14.388,184.924997
1118,8,5,14,633.294,15.7563,165.6409747
1119,8,5,15,507.4983,17.0035,131.9473377
1120,8,5,16,329.6702,17.6815,85.4334142
1121,8,5,17,95.9576,16.8092,24.97186189
1122,8,5,18,2.9086,15.0047,0.763490412
1123,8,5,19,0,14.0025,0
1124,8,5,20,0,13.424,0
1125,8,5,21,0,13.0808,0
1126,8,5,22,0,12.0035,0
1127,8,5,23,0,11.0007,0
1128,8,6,0,0,10.5748,0
1129,8,6,1,0,10.0032,0
1130,8,6,2,0,9.706,0
1131,8,6,3,0,8.6065,0
1132,8,6,4,0,8.0353,0
1133,8,6,5,0,7.2714,0
1134,8,6,6,0,6.2827,0
1135,8,6,7,11.826,6.0426,3.236737766
1136,8,6,8,170.7922,8.4567,46.22988325
1137,8,6,9,370.4067,10.6813,99.23135302
1138,8,6,10,541.89,12.7558,143.7662619
1139,8,6,11,663.1014,13.9657,174.9214247
1140,8,6,12,721.5287,15.2242,189.1990753
1141,8,6,13,714.8917,16.6205,186.2109688
1142,8,6,14,650.2701,17.6592,168.5344034
1143,8,6,15,520.7725,18.6233,134.3441375
1144,8,6,16,340.9134,18.8068,87.86753109
1145,8,6,17,102.008,18.6517,26.31147173
1146,8,6,18,3.128,17.754,0.81033186
1147,8,6,19,0,16.3365,0
1148,8,6,20,0,15.0855,0
1149,8,6,21,0,14.4462,0
1150,8,6,22,0,13.1978,0
1151,8,6,23,0,12.843,0
1152,8,7,0,0,12.4412,0
1153,8,7,1,0,11.4057,0
1154,8,7,2,0,10.193,0
1155,8,7,3,0,8.9688,0
1156,8,7,4,0,8.2128,0
1157,8,7,5,0,7.1306,0
1158,8,7,6,0,6.6051,0
1159,8,7,7,11.1438,6.3215,3.046136835
1160,8,7,8,185.0367,7.9764,50.19666346
1161,8,7,9,330.6937,9.5988,89.03977477
1162,8,7,10,444.4261,11.7688,118.4568883
1163,8,7,11,396.3822,12.6842,105.1977549
1164,8,7,12,531.9841,13.9127,140.3688591
1165,8,7,13,671.7353,15.2928,176.0846611
1166,8,7,14,522.3338,16.5125,136.1250852
1167,8,7,15,337.8502,17.0222,87.83167666
1168,8,7,16,247.5937,17.2218,64.30571665
1169,8,7,17,93.3608,17.155,24.25571935
1170,8,7,18,4.0235,16.5705,1.048270117
1171,8,7,19,0,15.6415,0
1172,8,7,20,0,15.0442,0
1173,8,7,21,0,13.7118,0
1174,8,7,22,0,12.0175,0
1175,8,7,23,0,10.9673,0
1176,9,1,0,0,10.2387,0
1177,9,1,1,0,9.89,0
1178,9,1,2,0,9.7728,0
1179,9,1,3,0,9.7525,0
1180,9,1,4,0,10.099,0
1181,9,1,5,0,9.7633,0
1182,9,1,6,0,8.99,0
1183,9,1,7,13.9696,8.177,3.786163226
1184,9,1,8,166.8903,9.8868,44.8753831
1185,9,1,9,368.2299,11.8987,98.08783799
1186,9,1,10,538.3391,13.7203,142.1751544
1187,9,1,11,623.8341,15.0608,163.7090399
1188,9,1,12,608.6719,15.8318,159.1435071
1189,9,1,13,556.9049,16.6353,145.049153
1190,9,1,14,519.6239,17.4638,134.800962
1191,9,1,15,352.4127,17.9405,91.21299682
1192,9,1,16,137.4236,17.7335,35.60413574
1193,9,1,17,39.3456,17.543,10.20315017
1194,9,1,18,1.0117,17.3007,0.262661727
1195,9,1,19,0,16.8367,0
1196,9,1,20,0,16.4575,0
1197,9,1,21,0,16.3955,0
1198,9,1,22,0,16.188,0
1199,9,1,23,0,15.7668,0
1200,9,2,0,0,15.0863,0
1201,9,2,1,0,14.6123,0
1202,9,2,2,0,14.2043,0
1203,9,2,3,0,13.4128,0
1204,9,2,4,0,13.3113,0
1205,9,2,5,0,12.8333,0
1206,9,2,6,0,12.2302,0
1207,9,2,7,6.5156,11.7885,1.736501062
1208,9,2,8,85.5115,11.9907,22.76843095
1209,9,2,9,169.1397,12.6925,44.88703357
1210,9,2,10,385.594,13.2188,102.07695
1211,9,2,11,559.4592,14.7495,147.0332207
1212,9,2,12,675.2375,15.6792,176.6765671
1213,9,2,13,405.5323,14.9092,106.4982567
1214,9,2,14,88.037,12.809,23.35082383
1215,9,2,15,170.6738,11.0478,45.64504374
1216,9,2,16,108.9993,11.4915,29.09034631
1217,9,2,17,85.1989,11.5007,22.73738189
1218,9,2,18,10.2883,11.3172,2.748040939
1219,9,2,19,0,11.0572,0
1220,9,2,20,0,11.1008,0
1221,9,2,21,0,11.0355,0
1222,9,2,22,0,10.541,0
1223,9,2,23,0,10.4027,0
1224,9,3,0,0,10.3232,0
1225,9,3,1,0,9.836,0
1226,9,3,2,0,9.1477,0
1227,9,3,3,0,8.0615,0
1228,9,3,4,0,7.8688,0
1229,9,3,5,0,7.687,0
1230,9,3,6,0,7.3912,0
1231,9,3,7,16.3266,6.6518,4.456104653
1232,9,3,8,193.2317,8.0932,52.39158713
1233,9,3,9,390.9836,9.3745,105.3825428
1234,9,3,10,515.7524,11.0362,137.9404292
1235,9,3,11,581.1852,12.3265,154.5033633
1236,9,3,12,592.6616,13.3442,156.8003313
1237,9,3,13,593.9875,14.2292,156.4940257
1238,9,3,14,454.6784,14.905,119.4070731
1239,9,3,15,289.0612,15.3262,75.7607003
1240,9,3,16,184.492,15.96,48.2077596
1241,9,3,17,72.82,16.301,18.99682648
1242,9,3,18,9.2254,15.5673,2.415125538
1243,9,3,19,0,15.0802,0
1244,9,3,20,0,13.9113,0
1245,9,3,21,0,13.6747,0
1246,9,3,22,0,13.3927,0
1247,9,3,23,0,12.163,0
1248,9,4,0,0,12.4297,0
1249,9,4,1,0,12.5023,0
1250,9,4,2,0,12.2617,0
1251,9,4,3,0,12.147,0
1252,9,4,4,0,12.1855,0
1253,9,4,5,0,11.6658,0
1254,9,4,6,0,11.2875,0
1255,9,4,7,8.3907,12.0405,2.233599096
1256,9,4,8,112.1252,11.8825,29.86980289
1257,9,4,9,237.8834,12.046,63.32277695
1258,9,4,10,440.7627,12.598,117.0235988
1259,9,4,11,709.447,13.9667,187.146177
1260,9,4,12,596.0039,14.4525,156.8589139
1261,9,4,13,694.8351,14.847,182.527101
1262,9,4,14,704.0009,15.2217,184.60514
1263,9,4,15,362.1561,15.2408,94.95696726
1264,9,4,16,182.878,13.7668,48.28738144
1265,9,4,17,42.9996,11.619,11.46912206
1266,9,4,18,2.4822,11.5033,0.662426886
1267,9,4,19,0,10.9902,0
1268,9,4,20,0,11.9542,0
1269,9,4,21,0,11.4297,0
1270,9,4,22,0,11.3487,0
1271,9,4,23,0,10.7425,0
1272,9,5,0,0,10.4503,0
1273,9,5,1,0,9.8775,0
1274,9,5,2,0,9.404,0
1275,9,5,3,0,8.6633,0
1276,9,5,4,0,8.1612,0
1277,9,5,5,0,7.7639,0
1278,9,5,6,0,7.6447,0
1279,9,5,7,18.9685,7.2774,5.162338923
1280,9,5,8,214.709,7.7958,58.29462072
1281,9,5,9,421.1759,9.3458,113.5354397
1282,9,5,10,590.2171,11.3898,157.595491
1283,9,5,11,709.5175,12.5547,188.4170727
1284,9,5,12,742.6549,13.5678,196.2764492
1285,9,5,13,760.2794,14.2843,200.2535075
1286,9,5,14,576.6314,15.0287,151.3450558
1287,9,5,15,474.1324,15.823,123.9719913
1288,9,5,16,175.0732,15.682,45.8074651
1289,9,5,17,53.4247,15.2705,14.00591952
1290,9,5,18,3.5537,14.556,0.934818554
1291,9,5,19,0,13.9487,0
1292,9,5,20,0,13.0962,0
1293,9,5,21,0,12.7772,0
1294,9,5,22,0,12.7193,0
1295,9,5,23,0,12.1035,0
1296,9,6,0,0,12.0235,0
1297,9,6,1,0,12.1013,0
1298,9,6,2,0,11.4005,0
1299,9,6,3,0,11.2302,0
1300,9,6,4,0,11.0417,0
1301,9,6,5,0,11.461,0
1302,9,6,6,0,11.4958,0
1303,9,6,7,12.396,11.79,3.30368895
1304,9,6,8,103.8858,12.001,27.65946439
1305,9,6,9,189.423,13.552,50.06639313
1306,9,6,10,190.2717,14.394,50.09045206
1307,9,6,11,108.3931,14.7282,28.49001531
1308,9,6,12,161.3528,14.8202,42.39137404
1309,9,6,13,458.9398,14.171,120.9472739
1310,9,6,14,463.5363,15.1782,121.575026
1311,9,6,15,601.0508,16.6203,156.5584817
1312,9,6,16,377.2296,16.5807,98.27741146
1313,9,6,17,157.7598,16.6085,41.0947517
1314,9,6,18,9.6398,16.0983,2.51721326
1315,9,6,19,0,14.9445,0
1316,9,6,20,0,14.1392,0
1317,9,6,21,0,13.4212,0
1318,9,6,22,0,13.0433,0
1319,9,6,23,0,12.5577,0
1320,9,7,0,0,11.6133,0
1321,9,7,1,0,10.999,0
1322,9,7,2,0,10.4405,0
1323,9,7,3,0,9.8922,0
1324,9,7,4,0,8.748,0
1325,9,7,5,0,8.6775,0
1326,9,7,6,0,7.8108,0
1327,9,7,7,17.2645,7.4236,4.695434697
1328,9,7,8,210.3506,8.9702,56.80249756
1329,9,7,9,424.682,11.5607,113.304786
1330,9,7,10,587.589,13.7943,155.1276826
1331,9,7,11,696.3481,15.1313,182.6770881
1332,9,7,12,760.8824,16.6502,198.1621198
1333,9,7,13,723.7394,17.6273,187.6047418
1334,9,7,14,689.9486,18.3953,178.1832794
1335,9,7,15,469.3261,18.8295,120.9514959
1336,9,7,16,295.7394,19.0687,76.12749888
1337,9,7,17,64.5012,18.6743,16.63531905
1338,9,7,18,6.9657,18.3452,1.799369175
1339,9,7,19,0,17.0012,0
1340,9,7,20,0,16.4735,0
1341,9,7,21,0,16.1465,0
1342,9,7,22,0,15.106,0
1343,9,7,23,0,14.5655,0
1344,10,1,0,0,13.4097,0
1345,10,1,1,0,12.8357,0
1346,10,1,2,0,12.6868,0
1347,10,1,3,0,13.0058,0
1348,10,1,4,0,12.3082,0
1349,10,1,5,0,12.1905,0
1350,10,1,6,0,11.4995,0
1351,10,1,7,24.9183,11.501,6.650040165
1352,10,1,8,224.5004,12.6587,59.58838348
1353,10,1,9,428.9796,13.8582,113.2194061
1354,10,1,10,595.9589,15.1982,156.2915624
1355,10,1,11,721.3368,16.3827,188.1041695
1356,10,1,12,779.693,17.3717,202.3579151
1357,10,1,13,768.6715,18.266,198.6381674
1358,10,1,14,693.9025,18.9057,178.7616875
1359,10,1,15,566.9756,19.4507,145.6767971
1360,10,1,16,381.3879,19.7357,97.8566504
1361,10,1,17,172.4881,19.7443,44.25520713
1362,10,1,18,11.117,19.152,2.86051527
1363,10,1,19,0,18.2092,0
1364,10,1,20,0,17.4248,0
1365,10,1,21,0,16.478,0
1366,10,1,22,0,15.01,0
1367,10,1,23,0,13.5412,0
1368,10,2,0,0,12.7762,0
1369,10,2,1,0,11.7287,0
1370,10,2,2,0,11.0648,0
1371,10,2,3,0,10.577,0
1372,10,2,4,0,10.077,0
1373,10,2,5,0,9.4208,0
1374,10,2,6,0,9.3108,0
1375,10,2,7,25.2807,9.3777,6.81385335
1376,10,2,8,214.7077,11.3427,57.34233434
1377,10,2,9,411.1382,13.3402,108.7767865
1378,10,2,10,567.7415,15.1112,148.9532277
1379,10,2,11,719.0547,17.0243,186.9323807
1380,10,2,12,778.0132,17.9177,201.3909536
1381,10,2,13,754.4048,19.2043,194.0665799
1382,10,2,14,665.2587,20.7178,169.8756385
1383,10,2,15,537.4023,21.0053,137.0340262
1384,10,2,16,355.24,21.5717,90.33233662
1385,10,2,17,166.4117,21.7798,42.2727737
1386,10,2,18,12.4688,20.6865,3.184430211
1387,10,2,19,0,19.3357,0
1388,10,2,20,0,18.2107,0
1389,10,2,21,0,17.5355,0
1390,10,2,22,0,15.9285,0
1391,10,2,23,0,15.2282,0
1392,10,3,0,0,13.5648,0
1393,10,3,1,0,13.1085,0
1394,10,3,2,0,12.0717,0
1395,10,3,3,0,11.506,0
1396,10,3,4,0,11.4245,0
1397,10,3,5,0,11.6362,0
1398,10,3,6,0,10.6292,0
1399,10,3,7,33.6697,11.5515,8.983433701
1400,10,3,8,180.2662,13.5587,47.64464959
1401,10,3,9,355.6511,15.2682,93.23918172
1402,10,3,10,566.9062,17.0293,147.3748491
1403,10,3,11,676.8296,18.4495,174.7493654
1404,10,3,12,776.5132,20.074,198.90968
1405,10,3,13,756.4756,21.3293,192.5898937
1406,10,3,14,682.3447,22.8475,172.4221087
1407,10,3,15,570.3261,23.8345,143.4124188
1408,10,3,16,399.0815,24.1875,100.1756921
1409,10,3,17,141.4902,23.7883,35.58685459
1410,10,3,18,9.8331,22.6492,2.487169564
1411,10,3,19,0,21.821,0
1412,10,3,20,0,21.0462,0
1413,10,3,21,0,19.385,0
1414,10,3,22,0,18.1767,0
1415,10,3,23,0,16.7233,0
1416,10,4,0,0,16.7333,0
1417,10,4,1,0,15.6022,0
1418,10,4,2,0,14.3815,0
1419,10,4,3,0,13.5905,0
1420,10,4,4,0,13.6962,0
1421,10,4,5,0,13.2818,0
1422,10,4,6,0,12.0018,0
1423,10,4,7,35.9646,12.1687,9.567990715
1424,10,4,8,243.7331,13.9642,64.29551218
1425,10,4,9,459.9152,15.9163,120.2009646
1426,10,4,10,598.8569,20.0503,153.4194275
1427,10,4,11,674.5659,22.5713,170.6893728
1428,10,4,12,609.4256,23.9653,153.1446158
1429,10,4,13,501.3821,24.624,125.5811746
1430,10,4,14,347.3656,24.3975,87.10300972
1431,10,4,15,409.1095,23.5872,102.9998624
1432,10,4,16,301.0616,23.476,75.83892235
1433,10,4,17,181.4776,23.1898,45.78003844
1434,10,4,18,11.5103,21.6582,2.925656401
1435,10,4,19,0,20.114,0
1436,10,4,20,0,18.8945,0
1437,10,4,21,0,18.1292,0
1438,10,4,22,0,18.2483,0
1439,10,4,23,0,18.0983,0
1440,10,5,0,0,16.0998,0
1441,10,5,1,0,14.5763,0
1442,10,5,2,0,13.3145,0
1443,10,5,3,0,12.4125,0
1444,10,5,4,0,11.4997,0
1445,10,5,5,0,10.9057,0
1446,10,5,6,0,10.2312,0
1447,10,5,7,40.6795,9.8497,10.94025829
1448,10,5,8,259.2725,10.1592,69.62788915
1449,10,5,9,470.1576,10.8777,125.8390333
1450,10,5,10,639.5645,11.818,170.429549
1451,10,5,11,767.9273,12.9055,203.5914459
1452,10,5,12,822.1586,13.272,217.5924951
1453,10,5,13,807.0609,13.7983,213.0657926
1454,10,5,14,732.2687,14.3147,192.8478134
1455,10,5,15,603.1761,14.5815,158.6492627
1456,10,5,16,416.3807,14.7692,109.4200596
1457,10,5,17,190.1993,14.6803,50.00332465
1458,10,5,18,16.228,14.2723,4.274611395
1459,10,5,19,0,13.8905,0
1460,10,5,20,0,12.5573,0
1461,10,5,21,0,11.8972,0
1462,10,5,22,0,11.1345,0
1463,10,5,23,0,10.2805,0
1464,10,6,0,0,10.0465,0
1465,10,6,1,0,9.5198,0
1466,10,6,2,0,9.4717,0
1467,10,6,3,0,9.5378,0
1468,10,6,4,0,8.6318,0
1469,10,6,5,0,7.7126,0
1470,10,6,6,0,7.1297,0
1471,10,6,7,43.8861,6.9645,11.9609097
1472,10,6,8,247.5897,8.1173,67.12240329
1473,10,6,9,437.3767,9.175,117.9960328
1474,10,6,10,654.0809,9.9535,175.8222603
1475,10,6,11,761.16,10.9322,203.6748083
1476,10,6,12,819.0144,12.0557,218.0055601
1477,10,6,13,799.2395,13.0733,211.7252372
1478,10,6,14,733.2912,13.8975,193.4995069
1479,10,6,15,594.2758,14.794,156.1504235
1480,10,6,16,404.841,15.5918,105.9712814
1481,10,6,17,197.8165,15.5402,51.79325566
1482,10,6,18,12.6292,14.7432,3.319218973
1483,10,6,19,0,14.421,0
1484,10,6,20,0,13.429,0
1485,10,6,21,0,12.5945,0
1486,10,6,22,0,11.9923,0
1487,10,6,23,0,10.9013,0
1488,10,7,0,0,10.0027,0
1489,10,7,1,0,8.733,0
1490,10,7,2,0,7.8617,0
1491,10,7,3,0,7.7758,0
1492,10,7,4,0,7.1987,0
1493,10,7,5,0,7.4784,0
1494,10,7,6,0,7.8849,0
1495,10,7,7,29.8797,6.3611,8.166080925
1496,10,7,8,240.0945,7.9635,65.13658744
1497,10,7,9,470.3723,10.4045,126.1747236
1498,10,7,10,631.508,11.7045,168.3722683
1499,10,7,11,746.4857,13.6098,197.2497018
1500,10,7,12,808.3518,15.2752,211.9142745
1501,10,7,13,799.1776,16.6097,208.1760748
1502,10,7,14,726.5034,18.4743,187.552029
1503,10,7,15,593.1762,19.8252,152.1310102
1504,10,7,16,410.3185,20.5287,104.8729464
1505,10,7,17,193.9633,20.629,49.55059198
1506,10,7,18,19.935,20.8072,5.088229335
1507,10,7,19,0,20.183,0
1508,10,7,20,0,17.8312,0
1509,10,7,21,0,15.4682,0
1510,10,7,22,0,15.1847,0
1511,10,7,23,0,14.7677,0
1512,11,1,0,0,13.8388,0
1513,11,1,1,0,12.9427,0
1514,11,1,2,0,12.0682,0
1515,11,1,3,0,10.9568,0
1516,11,1,4,0,10.2877,0
1517,11,1,5,0,9.8827,0
1518,11,1,6,0,10.1272,0
1519,11,1,7,49.3536,9.4813,13.29577964
1520,11,1,8,268.0489,9.5867,72.17662264
1521,11,1,9,483.4244,10.3298,129.7210158
1522,11,1,10,654.5915,10.9855,175.1150907
1523,11,1,11,778.636,11.3628,207.9320186
1524,11,1,12,833.8097,12.2442,221.7473122
1525,11,1,13,818.0498,13.3567,216.418449
1526,11,1,14,744.7074,14.0582,196.3623993
1527,11,1,15,608.6167,14.708,159.9840288
1528,11,1,16,420.7319,15.2445,110.3135376
1529,11,1,17,205.7074,15.2665,53.92966622
1530,11,1,18,23.4628,14.8488,6.163419469
1531,11,1,19,0,14.2425,0
1532,11,1,20,0,13.7108,0
1533,11,1,21,0,12.8135,0
1534,11,1,22,0,12.1775,0
1535,11,1,23,0,11.4503,0
1536,11,2,0,0,10.6163,0
1537,11,2,1,0,9.9712,0
1538,11,2,2,0,9.2705,0
1539,11,2,3,0,8.5807,0
1540,11,2,4,0,8.4002,0
1541,11,2,5,0,7.7444,0
1542,11,2,6,0,7.8167,0
1543,11,2,7,55.0718,7.2783,14.9879074
1544,11,2,8,276.2784,8.6254,74.72453536
1545,11,2,9,488.5675,10.2165,131.170297
1546,11,2,10,661.6078,11.2798,176.7486892
1547,11,2,11,780.3373,12.0902,207.6768231
1548,11,2,12,835.7826,13.2062,221.266966
1549,11,2,13,814.2214,14.1058,214.6432135
1550,11,2,14,724.5635,15.2585,189.9637942
1551,11,2,15,565.0881,15.8542,147.7322534
1552,11,2,16,357.7955,16.1917,93.38833763
1553,11,2,17,120.6949,16.1118,31.51467551
1554,11,2,18,12.2707,15.5557,3.212535215
1555,11,2,19,0,15.0358,0
1556,11,2,20,0,14.6625,0
1557,11,2,21,0,14.0283,0
1558,11,2,22,0,12.8835,0
1559,11,2,23,0,11.4752,0
1560,11,3,0,0,10.752,0
1561,11,3,1,0,11.052,0
1562,11,3,2,0,9.483,0
1563,11,3,3,0,8.7335,0
1564,11,3,4,0,8.6109,0
1565,11,3,5,0,7.558,0
1566,11,3,6,0,7.7851,0
1567,11,3,7,59.0003,7.5837,16.03453366
1568,11,3,8,263.8766,10.0482,70.90093768
1569,11,3,9,461.0119,11.9888,122.7508725
1570,11,3,10,642.3423,13.5228,169.8009388
1571,11,3,11,797.7708,15.0413,209.3736501
1572,11,3,12,600.0806,15.627,157.0508443
1573,11,3,13,812.6944,16.8607,211.4420544
1574,11,3,14,728.653,18.0627,188.4818556
1575,11,3,15,593.2491,19.0917,152.6936421
1576,11,3,16,347.8932,19.731,89.26461159
1577,11,3,17,177.0369,19.466,45.48387776
1578,11,3,18,19.2097,18.7985,4.951336193
1579,11,3,19,0,17.7565,0
1580,11,3,20,0,16.6985,0
1581,11,3,21,0,16.3572,0
1582,11,3,22,0,15.4047,0
1583,11,3,23,0,14.4492,0
1584,11,4,0,0,13.0448,0
1585,11,4,1,0,12.779,0
1586,11,4,2,0,12.034,0
1587,11,4,3,0,11.6167,0
1588,11,4,4,0,11.9765,0
1589,11,4,5,0,11.882,0
1590,11,4,6,0,11.5128,0
1591,11,4,7,56.7547,11.5868,15.14025268
1592,11,4,8,272.7586,13.663,72.05498031
1593,11,4,9,479.7353,15.1595,125.834869
1594,11,4,10,654.9485,16.8397,170.4178453
1595,11,4,11,772.4112,18.534,199.3458135
1596,11,4,12,816.2867,19.7278,209.4512084
1597,11,4,13,793.5655,20.9407,202.4180255
1598,11,4,14,700.2462,22.3463,177.3843542
1599,11,4,15,595.6818,23.4897,150.0450228
1600,11,4,16,430.7463,22.1392,109.2269238
1601,11,4,17,214.2374,20.4512,54.77750386
1602,11,4,18,27.0983,19.4512,6.962528809
1603,11,4,19,0,18.0533,0
1604,11,4,20,0,17.1652,0
1605,11,4,21,0,16.1252,0
1606,11,4,22,0,15.7143,0
1607,11,4,23,0,15.3517,0
1608,11,5,0,0,14.918,0
1609,11,5,1,0,14.5885,0
1610,11,5,2,0,14.2493,0
1611,11,5,3,0,13.9935,0
1612,11,5,4,0,13.7277,0
1613,11,5,5,0,13.3552,0
1614,11,5,6,0,13.0398,0
1615,11,5,7,68.0015,12.9532,18.02437559
1616,11,5,8,290.9175,13.6442,76.85887618
1617,11,5,9,489.2649,14.6123,128.6691463
1618,11,5,10,660.9524,15.2028,173.3324536
1619,11,5,11,778.4417,16.0042,203.3638073
1620,11,5,12,833.8857,17.0055,216.804549
1621,11,5,13,815.2482,17.712,211.2389611
1622,11,5,14,739.5066,18.5777,190.8133165
1623,11,5,15,608.1068,19.4748,156.2265896
1624,11,5,16,428.1343,19.9982,109.7103777
1625,11,5,17,211.467,20.16,54.14612535
1626,11,5,18,24.6954,19.7752,6.335135657
1627,11,5,19,0,18.917,0
1628,11,5,20,0,17.6317,0
1629,11,5,21,0,17.1917,0
1630,11,5,22,0,16.6712,0
1631,11,5,23,0,15.943,0
1632,11,6,0,0,15.5227,0
1633,11,6,1,0,14.391,0
1634,11,6,2,0,12.605,0
1635,11,6,3,0,11.5697,0
1636,11,6,4,0,11.2883,0
1637,11,6,5,0,10.1793,0
1638,11,6,6,0,10.0067,0
1639,11,6,7,66.6791,11.0228,17.8347589
1640,11,6,8,291.1159,12.7712,77.22897265
1641,11,6,9,494.2401,14.4878,130.0544635
1642,11,6,10,662.709,15.9673,173.1598145
1643,11,6,11,789.3514,17.463,204.7745269
1644,11,6,12,841.5552,18.8935,216.812496
1645,11,6,13,804.5886,19.9883,206.1875959
1646,11,6,14,680.0072,21.0215,173.3835608
1647,11,6,15,609.0849,21.6912,154.7904001
1648,11,6,16,421.765,22.2297,106.9017695
1649,11,6,17,173.7189,22.4228,43.98936044
1650,11,6,18,15.235,21.5037,3.875332663
1651,11,6,19,0,20.5863,0
1652,11,6,20,0,19.3538,0
1653,11,6,21,0,18.6938,0
1654,11,6,22,0,17.9347,0
1655,11,6,23,0,15.9195,0
1656,11,7,0,0,15.067,0
1657,11,7,1,0,14.0853,0
1658,11,7,2,0,13.3582,0
1659,11,7,3,0,12.82,0
1660,11,7,4,0,12.3545,0
1661,11,7,5,0,11.8053,0
1662,11,7,6,0,11.5115,0
1663,11,7,7,78.5089,12.0882,20.89433902
1664,11,7,8,245.691,13.4912,64.95726073
1665,11,7,9,352.6826,15.6337,92.2998138
1666,11,7,10,624.3991,17.2498,162.1487974
1667,11,7,11,741.6418,18.6862,191.2636725
1668,11,7,12,662.0484,20.166,169.5125275
1669,11,7,13,835.399,21.713,212.2821956
1670,11,7,14,683.5559,22.8733,172.7061229
1671,11,7,15,550.1278,24.0912,138.1568952
1672,11,7,16,418.1795,24.5988,104.754592
1673,11,7,17,183.3115,24.8927,45.85246165
1674,11,7,18,29.9515,23.8822,7.529724733
1675,11,7,19,0,22.1255,0
1676,11,7,20,0,21.2418,0
1677,11,7,21,0,20.1265,0
1678,11,7,22,0,18.5898,0
1679,11,7,23,0,17.5612,0
1680,12,1,0,0,16.5397,0
1681,12,1,1,0,14.9565,0
1682,12,1,2,0,13.9417,0
1683,12,1,3,0,13.694,0
1684,12,1,4,0,13.4792,0
1685,12,1,5,0,12.8813,0
1686,12,1,6,0,13.0353,0
1687,12,1,7,64.4784,13.1997,17.07068058
1688,12,1,8,233.0112,14.6307,61.2730038
1689,12,1,9,329.06,16.7892,85.64230731
1690,12,1,10,313.0595,17.0463,81.37735168
1691,12,1,11,656.6054,18.4837,169.4996472
1692,12,1,12,806.4511,20.5963,206.0519859
1693,12,1,13,792.0996,22.3643,200.6345711
1694,12,1,14,705.154,23.7875,177.357249
1695,12,1,15,526.0491,25.1027,131.4447434
1696,12,1,16,363.3026,25.2653,90.70516978
1697,12,1,17,194.7372,25.6313,48.53062801
1698,12,1,18,9.3833,24.3723,2.353187372
1699,12,1,19,0,22.4838,0
1700,12,1,20,0,21.7917,0
1701,12,1,21,0,20.4242,0
1702,12,1,22,0,19.4238,0
1703,12,1,23,0,18.8533,0
1704,12,2,0,0,17.8118,0
1705,12,2,1,0,17.3107,0
1706,12,2,2,0,16.962,0
1707,12,2,3,0,15.958,0
1708,12,2,4,0,16.2233,0
1709,12,2,5,0,16.262,0
1710,12,2,6,0,14.5877,0
1711,12,2,7,74.1613,14.5787,19.50639644
1712,12,2,8,282.1429,17.2103,73.28298569
1713,12,2,9,425.9628,19.152,109.6044881
1714,12,2,10,534.9757,21.1252,136.3350798
1715,12,2,11,722.356,22.0353,183.265961
1716,12,2,12,748.5672,23.2037,188.8226141
1717,12,2,13,687.6855,24.6232,172.2452749
1718,12,2,14,609.7687,25.9058,151.7517644
1719,12,2,15,622.3965,27.057,153.998788
1720,12,2,16,432.5096,27.5157,106.7673195
1721,12,2,17,211.6687,27.5123,52.25245591
1722,12,2,18,28.4557,26.9248,7.045460586
1723,12,2,19,0,26.0928,0
1724,12,2,20,0,25.6562,0
1725,12,2,21,0,23.9243,0
1726,12,2,22,0,22.9422,0
1727,12,2,23,0,21.8832,0
1728,12,3,0,0,21.108,0
1729,12,3,1,0,19.9007,0
1730,12,3,2,0,18.8855,0
1731,12,3,3,0,18.1695,0
1732,12,3,4,0,17.23,0
1733,12,3,5,0,16.7527,0
1734,12,3,6,0,16.2508,0
1735,12,3,7,87.5909,15.9327,22.89049121
1736,12,3,8,315.3299,16.7923,82.06764153
1737,12,3,9,524.9602,17.8547,135.9287976
1738,12,3,10,693.5519,18.3208,179.1784398
1739,12,3,11,809.988,18.7402,208.8349536
1740,12,3,12,858.4698,19.4117,220.6141835
1741,12,3,13,834.3427,20.09,213.7064533
1742,12,3,14,753.4724,20.7363,192.3838253
1743,12,3,15,622.3375,21.2495,158.501971
1744,12,3,16,444.6967,21.3212,113.2191128
1745,12,3,17,226.5329,21.153,57.72256508
1746,12,3,18,33.2631,20.6817,8.495325056
1747,12,3,19,0,19.9715,0
1748,12,3,20,0,18.9518,0
1749,12,3,21,0,17.1213,0
1750,12,3,22,0,16.0688,0
1751,12,3,23,0,14.6608,0
1752,12,4,0,0,13.3652,0
1753,12,4,1,0,12.1812,0
1754,12,4,2,0,11.5243,0
1755,12,4,3,0,11.0642,0
1756,12,4,4,0,10.2662,0
1757,12,4,5,0,9.8775,0
1758,12,4,6,0,9.6768,0
1759,12,4,7,96.2408,10.0048,25.86413756
1760,12,4,8,329.1421,11.18,87.97145478
1761,12,4,9,541.6406,12.7087,143.7319839
1762,12,4,10,705.4178,14.503,185.6104133
1763,12,4,11,809.5203,15.5507,211.9418252
1764,12,4,12,875.5225,16.245,228.4621244
1765,12,4,13,884.8144,16.6162,230.4762337
1766,12,4,14,697.2596,16.4285,181.7856008
1767,12,4,15,396.6431,15.8783,103.6833492
1768,12,4,16,197.9549,15.726,51.78351718
1769,12,4,17,82.1635,15.1875,21.54866168
1770,12,4,18,39.3381,14.8422,10.33401069
1771,12,4,19,0,14.0592,0
1772,12,4,20,0,13.3302,0
1773,12,4,21,0,11.976,0
1774,12,4,22,0,10.8855,0
1775,12,4,23,0,10.6738,0
1776,12,5,0,0,11.3763,0
1777,12,5,1,0,10.7217,0
1778,12,5,2,0,10.4957,0
1779,12,5,3,0,9.5387,0
1780,12,5,4,0,8.5363,0
1781,12,5,5,0,7.5864,0
1782,12,5,6,0.0528,5.7945,0.014467563
1783,12,5,7,58.3157,6.3708,15.93689355
1784,12,5,8,237.0142,7.9318,64.31030721
1785,12,5,9,190.0372,8.6887,51.38399223
1786,12,5,10,243.352,9.3863,65.5875314
1787,12,5,11,234.1078,10.107,62.88515933
1788,12,5,12,217.1409,10.8645,58.12196899
1789,12,5,13,490.2793,11.6725,130.7375717
1790,12,5,14,388.4759,12.3817,103.2463568
1791,12,5,15,619.3445,13.2873,163.9038704
1792,12,5,16,466.8746,13.825,123.2403046
1793,12,5,17,239.8969,13.8482,63.31832781
1794,12,5,18,39.8982,13.4992,10.54812652
1795,12,5,19,0,12.959,0
1796,12,5,20,0,12.5222,0
1797,12,5,21,0,12.6752,0
1798,12,5,22,0,12.2795,0
1799,12,5,23,0,11.3193,0
1800,12,6,0,0,10.6885,0
1801,12,6,1,0,10.1857,0
1802,12,6,2,0,9.6868,0
1803,12,6,3,0,9.399,0
1804,12,6,4,0,9.3185,0
1805,12,6,5,0,9.1437,0
1806,12,6,6,0.0294,9.011,0.007937596
1807,12,6,7,109.6354,9.0192,29.59892675
1808,12,6,8,337.9004,9.5623,90.99560626
1809,12,6,9,551.0253,10.5268,147.7251992
1810,12,6,10,720.5421,11.7025,192.1122857
1811,12,6,11,833.4804,12.9125,220.9634679
1812,12,6,12,885.9017,13.885,233.7839217
1813,12,6,13,866.3173,14.9003,227.516256
1814,12,6,14,779.5459,16.028,203.6290823
1815,12,6,15,645.2297,17.3523,167.475579
1816,12,6,16,458.1483,18.2932,118.3779613
1817,12,6,17,231.7112,18.6927,59.75464006
1818,12,6,18,37.7583,18.6913,9.737332234
1819,12,6,19,0,17.9952,0
1820,12,6,20,0,17.0968,0
1821,12,6,21,0,15.8838,0
1822,12,6,22,0,15.2403,0
1823,12,6,23,0,13.75,0
1824,12,7,0,0,14.1015,0
1825,12,7,1,0,13.8623,0
1826,12,7,2,0,13.8075,0
1827,12,7,3,0,12.0417,0
1828,12,7,4,0,10.9978,0
1829,12,7,5,0,11.0587,0
1830,12,7,6,0.1155,11.2963,0.030853472
1831,12,7,7,112.4189,11.9602,29.93712497
1832,12,7,8,335.3329,13.667,88.58363469
1833,12,7,9,542.9079,14.9213,142.5667323
1834,12,7,10,713.6696,16.2952,186.1828389
1835,12,7,11,827.2856,17.708,214.3621082
1836,12,7,12,880.4487,18.6757,227.0724521
1837,12,7,13,858.4191,19.8767,220.1021982
1838,12,7,14,769.7248,20.9402,196.3373609
1839,12,7,15,637.6558,21.7655,161.9920721
1840,12,7,16,455.1867,21.9535,115.5300829
1841,12,7,17,228.4257,22.2832,57.88215868
1842,12,7,18,36.4386,21.3882,9.274161169
1843,12,7,19,0,20.0797,0
1844,12,7,20,0,19.2005,0
1845,12,7,21,0,18.7673,0
1846,12,7,22,0,17.4815,0
1847,12,7,23,0,16.3102,0
