날짜,시간,10,100,101,120,121,140,150,160,200,201,251,270,300,301,351,352,370,400,450,500,550,600,650,652,1000,1020,1040,1100,1200,1510,2510,3000,4510,5510,6000
20200511,0,77968,14429,1233,4021,981,881,28672,1064,2859,1549,12036,3225,7324,2789,5907,11097,2641,5396,20709,20787,8429,3184,2055,1430,27798,637,2604,5239,4168,1155,3596,337,2262,1608,2337
20200511,1,48679,9136,823,2618,654,572,17722,672,1940,1133,8316,2096,4423,1778,4028,7105,1773,3532,13160,13035,5459,1741,1230,859,16145,353,1870,3359,2558,1002,2157,257,1425,1018,1810
20200511,2,33773,8199,578,2188,392,502,14464,579,1425,1211,6623,2168,3693,1642,3376,5290,1268,3085,10377,10477,4610,1070,967,752,12335,345,1499,2646,2022,876,1959,232,1155,927,1530
20200511,3,41511,9986,726,2817,555,646,17793,650,1678,1748,7857,2593,4378,1637,4389,6325,1642,3983,11258,13014,5047,1289,1028,1129,14189,390,1730,3398,1967,912,2462,281,1477,959,1882
20200511,4,78680,19509,1463,4720,825,1088,35125,997,2531,2304,12197,4013,7034,3207,6514,13898,3185,8286,18038,27303,9132,2202,1599,1609,32976,679,2958,7369,4120,1569,4568,577,3155,1871,3656
20200511,5,190465,45176,3664,10542,2647,2090,85255,2508,5864,3572,25002,6849,13726,7718,12818,37011,9427,20524,33609,71418,23865,4804,3623,4103,117854,2109,8412,24748,14063,3022,9271,1462,7353,5356,9440
20200511,6,315762,84960,8479,19245,7560,4823,122710,4990,11463,5923,52017,11075,21494,15612,22135,61746,13542,33498,49100,106669,47572,9745,8491,8823,171413,6042,17389,39153,22809,4718,17617,3126,18852,11726,19625
20200511,7,360304,117986,12855,26433,13405,8024,133835,7207,17131,8631,80066,14240,27723,22965,32052,76937,15300,40276,56853,117419,70534,13666,13879,12253,183936,12008,21205,45185,26537,5786,26946,5841,29080,17415,27199
20200511,8,333740,105006,12562,28483,12452,8264,130680,7178,15784,8187,75520,14946,24313,20029,34239,71571,15146,37964,55266,113261,67746,12840,15893,9709,172044,9551,19165,40800,23882,5268,26948,6220,25215,16462,24872
20200511,9,306262,94966,10334,27854,10409,6873,132439,6595,15896,7975,68034,15666,24727,19132,31852,67939,13182,35829,59520,106002,60080,13763,14022,9677,157449,7529,17153,35452,19903,6328,20833,3216,19459,13318,21953
20200511,10,316875,102016,11706,31278,9580,7308,144827,6240,16848,10139,72842,18312,29905,20140,38202,70212,13327,39837,70050,111800,66479,18863,15752,10790,146009,8713,17706,35365,18727,7490,23379,2395,19847,13276,22573
20200511,11,318647,103510,11981,29864,8947,6890,143282,6608,16528,10644,69801,18385,32996,20186,39398,70928,14638,39902,70814,111568,65027,22637,17117,11370,137129,8892,17644,33546,17759,7986,23276,2777,18585,12730,22182
20200511,12,306847,94241,10751,25538,8042,6595,129195,6239,15442,9671,62622,17540,31958,18795,35929,64740,13119,35775,66183,103734,70015,24085,16834,10676,131777,6313,15678,32804,16710,8237,20983,2784,16328,11377,19528
20200511,13,312411,94504,10671,26355,8969,6611,130193,6010,16778,9363,66857,17401,30872,19122,36600,66239,12960,36700,66278,102188,73206,25279,18233,9333,143108,6518,17320,34611,18360,7449,21321,3161,17766,12045,19447
20200511,14,310628,95971,11627,27445,9440,7316,138922,6490,16848,10463,70798,18347,30334,19517,38314,71200,14209,34437,67801,107416,76175,25062,19885,9772,148805,8029,17633,35664,18554,8008,22749,3490,17522,10219,20903
20200511,15,316780,99656,11165,27492,9377,7370,146277,6592,15977,9634,71890,18924,30285,23202,38635,70730,14407,34635,68702,110756,72233,21065,18587,10294,156224,7666,16414,31235,19116,7419,21732,3472,16013,11044,21353
20200511,16,321890,103855,11316,26221,10557,7568,145969,6712,15371,9135,72552,18126,30100,20653,39215,69102,14628,32405,67716,109761,72827,20837,16274,9279,165245,8033,17261,40573,20773,6830,23152,3952,18525,12932,22821
20200511,17,339155,107704,11227,26755,11989,8334,142267,6927,16818,8909,73018,17681,30478,21238,38516,69569,12969,32070,68960,110846,79528,16190,16560,9740,178573,8762,17875,43737,23449,6112,24732,5313,23333,15208,24493
20200511,18,321875,99993,9725,24447,11310,8266,122364,6505,14108,8181,67826,16108,26936,17995,35474,62225,13785,29903,64392,105514,70015,12895,13818,8831,180415,8338,17065,42668,22841,5368,23418,5807,23278,14425,22935
20200511,19,248056,72253,6203,16942,6677,4980,100569,4496,10753,5539,49287,12034,19933,12704,24243,46152,8903,19934,56800,83450,47850,10073,8459,5311,153870,5089,13275,35830,20593,4242,15414,3440,15088,8908,15875
20200511,20,215546,57494,4654,12764,4824,3413,83015,3305,8001,5062,41060,10351,18262,9474,19872,36561,7419,15264,51692,68992,36657,7724,6300,4157,130412,4257,11386,28958,17690,3326,12058,2180,11162,6818,10581
20200511,21,192003,44658,4211,10171,3608,2871,70848,2836,6622,4399,35645,9119,16020,8266,17181,29014,6293,12316,46320,56783,28283,6426,5265,3273,106712,2740,8906,22791,15548,2681,10304,1782,7883,4867,7361
20200511,22,156521,35347,2693,7646,2774,1983,55156,2098,4843,3509,27790,6784,13037,6374,12945,21966,4067,9146,40081,40326,20579,4551,3945,2198,78167,2051,6397,15653,11768,1980,8237,1187,5477,3582,5305
20200511,23,114593,23065,1656,5214,1530,1422,38851,1396,3323,2284,18649,4039,9350,4096,8676,15612,3242,5963,32761,27336,13129,2885,2464,1313,49880,1393,4258,10261,8273,1472,5439,819,3625,2618,3745
20200512,0,79994,14720,1183,3801,1052,829,26210,977,2491,1632,12929,3249,6803,2624,5179,11069,2160,4122,24826,19138,8569,2288,1427,946,31696,698,2658,6538,4953,1061,4001,574,2343,1554,2476
20200512,1,55641,10649,856,2849,731,575,17634,658,1800,1341,8856,2607,5166,2076,3972,7747,1647,3595,18484,14323,6339,1198,1286,839,20360,510,1908,3914,3105,1059,2918,408,1599,1152,1667
20200512,2,45985,8863,699,2749,534,556,14284,557,1664,1331,7528,2633,4865,1843,3733,6665,1318,3571,14513,12910,5584,1033,907,680,15071,338,1484,3225,2327,1086,2572,316,1481,1065,1703
20200512,3,47131,11624,862,2979,639,605,15484,486,1950,2218,8566,3004,5057,1986,4607,6824,1405,4314,15701,13726,6425,1079,1119,909,15157,384,1930,3522,2231,1145,2838,407,1667,1100,1744
20200512,4,66890,18098,1509,4877,866,904,25610,946,2548,2750,11228,4464,7081,2636,5999,10685,2783,6972,21494,22922,9883,1231,1347,1722,27698,652,2962,6543,4118,1127,4245,539,2870,1838,3588
20200512,5,138477,38350,3042,8669,2315,1863,60410,2018,4252,3307,20936,6488,10900,5478,9598,26048,7308,15551,32229,57901,21997,2818,3390,3426,97036,1641,6921,20782,12665,2028,6979,1185,6742,4540,7436
20200512,6,239860,70006,6026,13958,5907,3243,95599,3911,8481,4647,38835,8809,14951,10218,16895,43687,11584,23170,42557,88164,43011,5305,6319,6788,161969,4726,14951,38923,21741,2805,11813,2711,15724,9428,15250
20200512,7,306259,100557,9765,21081,10904,5622,115828,5856,12201,6263,61479,11046,18800,14698,25770,60797,12305,30940,49126,105928,63563,8523,9941,9077,195635,9335,19340,46986,26072,3633,20269,4971,26689,15135,24448
20200512,8,321695,101993,11187,27057,11867,6743,116716,6614,13314,7665,68356,13423,23200,17504,31423,66390,13340,33405,53764,108639,71007,10540,13904,8556,192583,9134,18402,43565,24012,4863,24460,5909,24696,15437,23720
20200512,9,314749,101162,11273,27335,10145,6513,130394,6612,15669,8486,69245,15070,25064,20172,32160,70052,14448,35520,63416,107945,72942,12506,13918,9253,166403,8241,16965,39562,20708,6467,22208,3824,20064,14070,22650
20200512,10,327684,107987,12597,31438,10039,6925,144771,6940,16908,10559,73307,18094,30882,20528,37584,71778,15029,38803,72550,116579,80472,16964,15911,10734,152813,9206,18236,37764,19390,7202,22770,3542,20183,14231,23055
20200512,11,320944,104844,11700,31148,9300,6991,147899,6763,16406,10200,69603,18287,32403,20885,39017,70268,14854,38168,73783,118861,78378,20262,17005,10732,144224,8789,16700,36023,18847,8015,22634,3233,18369,13160,22253
20200512,12,311318,99317,10562,26473,8079,6584,152405,6141,15158,9788,63173,17920,30163,19279,36231,65140,13342,34134,72181,108376,70719,21679,16482,10213,137691,7060,15502,33396,17280,8007,21483,3002,16428,11631,19605
20200512,13,315853,98351,11773,26226,10041,6748,138373,6417,15894,9507,69499,18004,29422,19232,37401,63893,11563,33278,71779,104830,73436,21645,18094,9669,146513,6318,16516,34845,18874,6999,20516,3244,17533,12183,19215
20200512,14,306170,101904,12174,27382,10155,7973,143350,6631,17044,9609,71130,18215,28270,19909,38778,65801,13980,36073,70536,108419,77782,21356,18262,10017,147545,7493,17088,36269,18740,7711,20192,3327,18730,13256,21583
20200512,15,325743,104991,12197,27702,10758,7520,145645,6895,16586,9420,72463,19321,29215,21241,38779,68502,14503,35668,70262,102379,77674,18998,17751,10064,150918,8450,16996,31546,19148,7192,21279,3520,19291,13035,22555
20200512,16,341012,107250,12397,29201,11111,8111,146095,7037,18519,9802,73296,19019,30320,22036,40442,68606,14000,31836,72228,98787,78740,17710,16444,9553,168825,9266,17897,39794,21128,6708,23988,4267,19566,13482,23532
20200512,17,364776,115474,11570,27765,13773,8511,137838,7096,17427,9647,77878,18239,31463,21949,40065,69860,14219,33058,74348,102889,80598,16295,17251,9925,184276,9932,18534,43486,23334,6575,25696,5303,23136,16048,25202
20200512,18,318789,101166,9996,25005,12565,8121,121724,6347,15452,8869,70906,17270,27218,19071,36999,65121,13026,29135,67960,97790,71047,12779,13535,8858,179301,8948,18055,40386,23564,5822,24739,5765,23574,16076,23263
20200512,19,247477,69423,6481,17123,7157,4902,96755,4623,10682,6063,51473,11663,20761,12387,25060,48698,9694,20576,57026,79981,48899,10453,8135,5557,157318,5019,12988,34960,20429,4162,16463,3448,14808,9034,14596
20200512,20,217415,54905,4911,12871,4992,3465,80112,3525,8034,5003,41027,9861,17283,9822,17878,38776,7931,15794,52463,66697,36461,8133,5935,3938,135837,4037,11783,28189,17549,3434,12427,2118,11787,6739,10501
20200512,21,199680,44094,3908,10393,3808,2516,70322,2845,6649,4127,36365,9322,15024,7539,14658,30895,5882,12450,45872,53096,29198,6453,4586,2829,113887,2903,9200,22893,15452,2956,10388,1737,8449,5175,7269
20200512,22,154814,33491,2627,7766,2939,2012,54429,2270,4794,3511,28821,6663,12600,6186,11304,22819,3609,8739,37604,38377,19827,4319,3056,2243,85956,2078,6358,16813,12427,2175,8154,1207,5817,3771,5204
20200512,23,114155,22121,1704,5501,1720,1335,38679,1353,3375,2490,18517,4679,9646,4095,7891,16100,2613,5783,29821,26761,13439,2914,2246,1658,55704,1331,4733,10645,8416,1393,5840,821,3651,2600,3758
20200513,0,78076,15290,1199,3764,1050,934,26775,988,2201,1527,12907,3197,7107,2703,4990,11504,1804,4258,22997,18735,8808,1693,1619,970,34541,816,3009,6688,5727,1019,3698,569,2441,1511,2233
20200513,1,54826,10891,745,2822,614,780,19068,723,1570,1346,8697,2460,4580,1727,3915,8097,1486,3275,17382,14074,6779,1301,1083,632,21357,472,1928,4360,3537,1027,2866,435,1674,1275,1691
20200513,2,47225,9408,684,2591,439,714,15150,563,1476,1331,7514,2429,4750,1836,3633,6759,1217,3614,14002,12120,5731,1160,803,588,15817,351,1533,3213,2635,1132,2519,378,1539,1003,1384
20200513,3,46847,11905,1038,3008,580,667,16698,596,1680,1731,8210,2826,5691,1965,4179,6501,1186,4322,14901,11899,5999,1048,991,999,15411,370,1738,3698,2276,927,2945,362,1773,1107,1928
20200513,4,66110,19682,1404,4945,878,944,24783,930,2350,2286,10261,4308,6765,2509,5533,10960,2370,7018,20206,20584,9753,1500,1572,1623,28733,644,3003,6995,3860,1020,4056,561,2962,1931,3415
20200513,5,139902,37875,2654,8568,2342,1675,59264,1992,4577,2999,20401,6284,10777,5298,9751,27843,5860,15297,31102,52570,21253,3053,3490,3506,100377,1578,6916,20689,12958,1760,7177,1296,6789,4367,8062
20200513,6,240677,68826,6094,13590,6173,3536,94661,3954,8002,4471,37975,9158,14353,9415,15566,42814,9471,23420,39875,72945,40781,5915,6685,6955,165460,4623,15216,37772,21512,2860,11318,2502,16357,9386,15565
20200513,7,306586,99070,8836,20648,10015,6265,114255,5575,12046,6346,60160,11125,18137,14515,22374,65334,11467,30939,44437,96133,62940,8085,9847,9222,189412,9291,19176,47555,25571,3634,20301,5060,26819,14919,24127
20200513,8,312046,101280,11074,25428,12834,7433,124825,6719,13464,7732,68838,13440,23851,18016,28790,68304,13572,32564,49244,99089,72039,10992,14544,8539,190898,8901,18705,43588,23702,5110,24332,5749,24974,15702,24285
20200513,9,311782,99257,10951,26732,10095,7379,134208,6426,15968,8154,70966,14803,25192,20056,30844,68320,14581,36880,58880,102040,72347,13868,14815,9471,170695,8066,17424,39770,19828,6070,22653,3751,20027,13923,22211
20200513,10,320764,109914,11587,31558,10180,7168,145991,6841,17617,10079,74160,18134,31400,29926,37282,71651,15112,41669,70717,108429,77827,16928,17460,10533,162487,9153,17406,39070,13578,7239,23325,3523,21181,13555,23793
20200513,11,315561,110316,11626,30148,9764,7162,146809,6868,17603,10804,71137,19662,31758,20249,38637,68897,14475,40627,72931,107233,76147,16677,17895,10836,151694,8557,17357,35960,12214,7602,22517,3253,19232,13265,22991
20200513,12,298101,98439,10285,26230,8498,6350,136203,6236,15812,9953,64030,17892,29922,18380,34799,66271,13485,38113,66951,98588,69461,19897,16801,9703,143964,5921,15727,33848,11353,6859,20062,2828,15638,11489,19905
20200513,13,311508,98342,10906,26854,10392,6860,139382,6238,16158,9279,68445,16304,28788,19438,36767,65743,13413,37067,70152,98022,73153,23087,17921,9214,151216,6579,16516,35094,12370,7417,20703,3251,18249,12280,19955
20200513,14,312740,100230,11244,27615,10827,7390,143554,6555,16977,9893,73147,18368,30465,24396,38596,69149,14151,39025,73775,104098,76187,23165,18948,10401,158232,8217,17032,36523,12471,7457,21560,3395,18624,13000,21720
20200513,15,316688,103956,11384,28746,10572,7369,144374,6654,17500,9686,75113,18881,30534,20334,39037,71386,15514,37977,73000,104263,78163,20103,19096,9918,162615,8639,16847,33624,13081,7190,22899,3566,18731,13184,22275
20200513,16,327467,109372,12265,29403,11539,7597,146422,7008,18874,9531,75280,19403,31268,20404,39610,73773,13256,37641,74374,102688,79123,18928,17781,10467,174222,9525,17558,41184,14049,7595,23612,4033,20475,13409,23603
20200513,17,346719,117934,12471,28094,12794,8554,141957,7154,18631,9633,77130,19030,30300,20536,40049,71327,15153,37951,75876,105538,80436,16687,17223,11049,183535,10377,18898,43753,15673,6837,25987,5309,25011,13193,24844
20200513,18,316288,73951,10881,25342,12469,8534,125957,4484,16034,8966,71962,16702,28701,17780,30889,67801,12299,34035,64228,97071,69922,14147,15515,6124,177757,6323,12275,40818,16074,6037,25700,5995,21852,9865,16339
20200513,19,247815,70363,6389,18004,7009,5404,100321,4635,11899,6594,53009,11824,20713,11669,26333,47699,11342,22707,57471,80336,49682,10473,9448,5781,160568,5374,12530,37564,14147,4333,16293,3323,15647,9387,15929
20200513,20,220117,54954,5071,13414,4844,3684,84426,3410,8730,5638,41887,10486,18974,9207,20776,39785,8115,17689,51140,67544,35246,9215,6822,3940,137768,3801,10915,29632,11766,3341,12235,2277,11091,6430,10519
20200513,21,203018,44736,3973,11102,3866,2925,73891,2907,6679,4409,35497,8586,15344,7533,16842,31045,5944,13474,45092,55538,28846,7522,5725,3140,116646,2941,9078,22642,10345,3103,11050,1838,8364,5435,7940
20200513,22,165135,34329,2594,8669,2956,2080,58419,2299,5333,3555,26897,6937,11608,5883,12825,24173,4021,10418,36897,39552,19792,4861,3522,2213,88422,2083,6663,16524,8175,2415,8378,1251,6109,3961,5640
20200513,23,121423,23971,2092,5576,1707,1407,39903,1480,3422,2199,17849,4469,8805,3784,8515,17029,2769,7563,30181,27233,12694,3030,2073,1544,58715,1367,4601,11032,5680,1806,6246,838,3864,2874,3769
20200514,0,83300,14896,1137,3662,1163,862,28491,1003,2022,1451,12302,3159,6905,2513,5913,11250,1947,5210,23623,19614,8303,1869,1445,1125,35512,712,2968,7422,4497,1123,3934,525,2562,1752,2622
20200514,1,56566,10481,770,2909,650,741,19585,709,2117,1519,8728,2411,5199,1664,4490,7735,1342,3621,17156,14154,6149,1288,1025,854,22069,534,2221,4337,3551,1224,2957,417,1805,997,1511
20200514,2,45629,9053,697,2561,505,588,15938,601,1791,1510,7257,2468,4472,1599,4402,6882,1310,3634,13940,11755,5288,1111,1105,562,16254,406,1462,3548,2558,1378,2742,404,1460,1077,1644
20200514,3,46861,11378,836,2842,501,697,16455,623,1943,2076,7870,2995,4913,1613,4638,6904,1244,4747,14723,12799,5862,931,1052,932,15936,359,1872,3791,2461,1106,2807,308,1820,1167,1789
20200514,4,66666,18992,1294,4919,867,972,26543,948,2661,2499,9679,4364,7302,2334,6059,11941,2437,8286,19969,22072,9355,1230,1717,1584,28761,641,2922,6801,3888,1275,3949,584,2973,1880,2946
20200514,5,138575,37855,3018,8888,2259,1941,62348,2120,4519,3573,19971,6063,11687,4745,11160,27495,7176,16713,30974,53136,20265,2769,3421,3459,100484,1636,7131,20564,13032,1788,6960,1205,6650,4603,7822
20200514,6,240752,68618,6033,14300,6623,4071,99494,4088,8520,4889,38049,8697,15064,8850,17512,44328,11088,25835,40792,80183,38328,5762,6557,7004,168288,4793,15042,38816,21247,2629,12218,2682,15912,9553,15242
20200514,7,310729,99027,9025,21435,11021,6167,120435,5967,13384,6474,60615,11705,17911,13785,24460,61388,12068,34690,47215,97646,58696,8624,10251,9661,198934,9433,19550,47695,25938,4008,20527,5004,26125,15648,23926
20200514,8,318813,101789,11059,26351,12138,7724,127198,6763,14411,7363,68251,13500,23315,16188,31181,60919,13286,36169,52250,101285,72023,11488,14167,8963,191245,9065,19029,43179,23909,4782,24900,5901,24302,15737,23276
20200514,9,309853,97371,11236,29026,9897,7154,134412,6582,16482,8470,70048,15061,25703,18186,33051,60939,14202,39947,62340,100732,73164,14620,15232,10470,169707,8285,16267,40519,19418,5780,23683,3850,11837,13543,22049
20200514,10,327504,107195,12158,31267,10563,7479,145116,6923,17782,10262,77616,18576,30997,19128,39173,65402,15510,42627,68681,109377,80255,18234,17006,11089,165546,8946,17592,38144,18843,7040,24639,3724,20532,14182,23750
20200514,11,329581,105289,11997,30162,9658,7347,146566,7031,18227,10758,74413,19750,32743,20200,39520,71507,14699,40497,68360,108469,77590,21536,17918,11863,152241,8617,16933,33861,18899,7377,23826,3342,18425,13235,21962
20200514,12,305018,99109,10908,26323,9112,6607,138360,6214,16701,9694,66739,18502,30554,17373,36070,67578,13605,36805,65537,98212,70946,21596,17819,10162,144400,6532,15205,32323,17947,6736,21200,2984,16081,11419,19574
20200514,13,301024,96818,11637,28274,9847,6771,142440,6364,16606,9844,71456,17934,29375,18476,38915,67253,13956,37018,70084,97226,76325,22208,19160,10281,153561,7454,16365,32985,18561,7250,21906,3455,18050,12030,20372
20200514,14,317092,100349,12018,29710,10760,7948,152330,6888,18200,9643,74160,18004,31223,20826,40088,69740,14489,37678,71609,105049,79707,22332,19743,11451,162511,8007,16881,37058,20033,7340,22810,3556,19148,13521,21838
20200514,15,329193,102402,12111,29537,10076,7594,153327,7072,17254,9449,77866,18074,32248,23388,40983,70503,14955,38712,73117,106049,80616,21293,18983,10275,167871,8921,16264,32932,20185,8169,23095,3484,18748,12955,22048
20200514,16,347574,108325,11767,29573,11144,8055,151820,7097,18856,9724,78877,18052,34350,24638,41593,71927,15252,38703,76427,104903,83003,21682,18053,10425,183141,9289,17746,41719,21765,7685,25274,2711,19620,14152,24353
20200514,17,370642,115036,12061,29986,12778,8640,145344,7387,19775,10048,79820,18080,34831,21029,43736,72698,15234,38806,79218,108302,85798,18313,18234,11016,182269,10635,19146,42184,23500,7590,28250,3614,25273,16640,26552
20200514,18,340049,105959,11066,28196,12111,9250,132656,6788,17024,9075,71200,17586,31415,18470,41114,68811,13674,34706,76594,101306,78181,16036,15789,9226,178240,10114,17833,40005,23574,6797,25884,3867,23719,15943,25576
20200514,19,267229,77721,7377,20378,7570,5949,110692,4902,12616,7258,52803,14016,22586,12809,30510,50547,10785,22910,63267,82687,52310,12076,9449,6483,161569,5530,12956,36328,20177,5190,17516,2137,15894,9667,16449
20200514,20,233081,64312,5321,15074,5110,4010,95616,3762,8607,5914,42936,11059,20300,10025,23863,44784,9265,19330,56475,72537,42069,10097,6902,4421,133841,4648,12267,29427,17624,4264,13967,1498,12712,7377,12398
20200514,21,212349,48478,4192,12101,4105,2799,77731,3309,7156,4543,35165,8954,16403,7618,19345,35025,7528,13805,46735,55524,32802,7780,4996,3603,112434,3158,9704,23492,15386,3290,11046,1096,8909,5710,8502
20200514,22,171722,36384,2819,8645,3102,2189,58079,2391,4791,3376,28993,6842,13155,5772,13908,23075,5150,10036,37187,38143,22617,4482,3518,2389,85606,2700,7582,17342,12012,2291,8107,780,6272,4241,6246
20200514,23,125231,24968,1762,5195,1771,1428,39855,1581,3460,2347,19307,4337,10907,4113,9279,15912,3158,7252,30363,27033,14818,2945,2294,1700,55584,1479,5000,11716,8789,1525,5976,511,4003,3225,4312
20200515,0,83066,15307,1059,3222,1087,1014,27217,1113,2487,1517,13110,3147,7026,2627,6003,11277,2434,5248,22454,19583,9400,1758,1435,1363,33179,876,3506,7314,5845,913,3608,338,2606,1740,2368
20200515,1,56870,10818,810,2697,612,716,17710,691,1773,1180,9092,2284,5357,1688,4278,7738,1624,3612,16039,13835,6485,1329,1100,711,21290,498,2177,4791,3546,1155,2818,313,1928,1250,1696
20200515,2,46429,8953,643,2383,561,630,13826,507,1340,1257,7351,2063,4563,1529,3941,6701,1170,3493,13436,11229,5470,1178,953,694,15069,418,1467,3431,2627,897,2545,191,1293,1164,1590
20200515,3,43572,10360,620,2631,488,662,13898,592,1676,1744,7583,2580,4724,1651,4252,6645,1305,4223,13454,11637,5973,1211,1059,1041,14116,403,1789,3401,2209,867,2738,185,1567,1066,1866
20200515,4,61157,16509,829,3305,636,958,20566,863,2042,2131,9169,3374,6188,1954,5210,8958,2080,6621,18169,18348,8600,1582,1431,1580,22697,521,2793,5867,3345,1010,3457,325,2811,1809,2673
20200515,5,0,0,0,0,0,0,0,0,0,0,0,0,0,0,0,0,0,0,0,1,0,0,0,0,0,0,0,0,0,0,0,0,0,0,0
20200515,6,201717,54652,3898,9879,3449,2199,79853,3220,6364,3420,26843,6887,12595,6570,12455,34344,7807,20478,35106,63490,32444,4260,5657,5438,133485,3656,13060,32701,18505,1981,8887,1175,12143,7943,12483
20200515,7,273883,87265,6861,15960,8340,4792,103701,5182,10461,5578,47639,9352,16031,11337,21290,52531,9646,30023,41502,86687,56203,7372,9494,8102,168035,8026,18049,43806,23775,3379,17537,2662,22482,13681,20530
20200515,8,291642,91539,9128,21989,11083,6865,113831,6195,12551,7015,59520,12150,20668,14272,29327,58998,10838,32802,45505,92301,66639,10006,13796,7488,167302,7854,18261,40903,22659,4083,21662,3482,23064,14492,21995
20200515,9,303192,90814,9426,22837,8483,6512,120772,6201,14170,7351,61960,13174,22267,16442,29884,58425,12279,35502,52954,93151,67681,13042,14357,8774,147048,6632,16492,37313,19346,5257,21364,2293,17921,12982,19800
20200515,10,301384,101652,11149,26562,9573,6533,132629,6619,15540,9501,68341,16553,29622,18302,34950,61928,12801,38463,62332,98632,73615,17981,16287,9727,143408,6949,16125,35514,18520,6534,21767,1985,18685,12762,21407
20200515,11,304236,104283,11003,28254,8178,6679,139527,6575,16502,10216,69390,18756,33306,18988,38734,63364,13079,39989,72040,105927,76259,23263,19021,9976,139871,6921,16205,35844,17905,7322,22016,2071,18086,12422,20913
20200515,12,311124,98294,10701,25186,7734,6396,141885,6615,15884,10025,66159,17693,32133,18189,38044,60866,13061,37714,73685,106520,73599,26463,18606,9561,140039,5914,16499,33691,17924,6883,21649,2041,16764,11963,19318
20200515,13,329820,101623,11535,27319,9422,7088,153474,6652,17127,10534,72568,18747,34355,19518,39914,66768,13714,38364,79602,112199,81557,27402,19691,9579,152357,7140,16294,35060,18386,7674,22639,2144,18536,12391,19993
20200515,14,348007,108794,12486,29500,9835,7815,164974,7417,18290,10958,77398,19546,35614,21578,43741,68595,15304,41137,86470,116771,88922,29042,21330,10539,152411,9719,18214,36108,19373,8091,24848,2304,19904,13169,21720
20200515,15,377985,111975,13393,32548,10276,8455,171329,7626,19197,11489,81144,20519,37636,24120,45926,74846,15344,44176,86703,120501,97179,28144,21301,10760,155684,10034,17899,34534,19609,8972,27790,2486,20610,13485,24012
20200515,16,386121,116443,13890,34577,11605,9522,176767,7874,19818,12434,89951,22058,38663,25870,49093,77288,15467,46264,90969,124503,104453,27262,21513,11249,165995,11563,20256,43087,20422,8948,31506,2978,21216,14233,25872
20200515,17,417406,132514,15105,34407,12767,11417,172945,8585,21549,12676,94684,22654,44348,29665,50679,74752,15819,49284,97166,123340,109356,26152,21759,12426,164762,13641,20485,42349,21840,8849,34459,3729,24666,17787,28256
20200515,18,404016,128597,14688,33957,12739,11940,171577,8664,21842,12901,95501,22126,42077,29188,52055,77889,15219,50742,96817,120928,110373,23459,20563,11496,164588,10778,19308,39941,21597,8264,32471,4386,25041,17125,28208
20200515,19,330502,92180,8785,26641,7728,7685,140892,6276,16673,10020,72856,16456,35096,22057,39914,68995,13989,34485,83016,102749,80958,18189,13621,6940,146526,7733,14130,36301,20080,7220,25638,2849,17750,10792,20315
20200515,20,280432,70021,5907,18723,5252,5350,119335,4329,11366,7861,57532,13121,28397,13274,31263,56674,11662,25285,68429,87361,58628,15552,8916,5143,135738,4705,12784,32042,17395,5616,19080,2684,13054,7872,13167
20200515,21,249739,51828,4234,12485,3760,3637,106571,3437,8753,5633,45389,10735,20678,9909,23000,43486,9659,20318,55851,70269,41885,13895,8339,3857,122384,3212,10086,24264,15229,4325,14339,1853,9318,5538,9074
20200515,22,195440,35385,3167,8384,3409,2705,82248,2595,6483,3934,34114,8150,14004,6946,16832,29505,6319,12630,41297,51584,28397,11361,6426,2460,90668,2174,7534,18434,12812,3565,10046,1228,6045,4227,6046
20200515,23,131327,24131,2065,5624,2124,1619,52194,1513,3949,2851,23610,6064,10445,3975,11374,18222,3749,7936,30141,33189,16984,6993,4068,1660,60075,1488,4950,12311,9318,2525,6347,847,4119,2883,3681
20200516,0,87456,15945,1371,3924,1392,1242,37072,1124,2624,1935,16225,4069,6706,2480,7898,11458,2056,5464,21878,22278,10350,4216,2593,883,37992,912,3296,8512,6514,1788,4078,563,2651,1948,2489
20200516,1,61311,11343,970,2720,1018,893,28319,775,2127,1182,11245,2737,4445,1716,5779,7993,1600,4314,15237,16469,6891,2654,1708,695,26071,719,2499,6019,4652,1489,2919,397,1780,1520,2022
20200516,2,47752,8558,725,2256,754,766,23571,531,1841,1042,8578,2458,3652,1594,4689,6618,1160,3500,11144,12349,5127,1716,1355,664,18588,478,1805,4468,3274,1552,2606,355,1836,1204,1585
20200516,3,42851,10037,936,2410,747,675,22928,507,1759,1096,7917,2332,3625,1665,4266,6604,1439,3811,10763,11822,4507,1699,1202,702,16530,557,1635,4143,2680,1333,2460,311,1797,1021,1514
20200516,4,57624,14964,1192,3770,909,906,29052,719,2089,1334,9016,2711,4638,2081,5518,10018,2654,6131,13410,20557,7331,1900,1359,1098,26083,689,2375,5714,3560,1098,3150,456,2698,1535,2615
20200516,5,114807,26816,2387,6935,2175,1588,55392,1493,3933,2079,16985,4116,8165,4197,8748,23713,6567,13542,21469,47271,16190,3103,3053,2453,72416,1384,5055,14321,8992,1873,5174,1014,5209,3340,5284
20200516,6,175453,46026,4508,12194,5093,2912,84134,2961,7039,3488,29345,6734,12172,7380,14521,38344,9521,20303,30825,62761,29252,7156,5295,4696,98707,3121,9237,20190,11158,3262,8467,1739,9848,5996,9877
20200516,7,215592,66176,6260,17268,6705,4074,110700,3820,10647,5267,43775,9477,16127,10254,21897,44258,10552,23420,41187,75035,40667,14427,8169,5988,103483,5008,11745,21939,13174,4709,13112,2640,14015,8184,12866
20200516,8,265096,81234,8038,22909,7866,5570,140718,5232,12784,6914,56417,13128,21568,14096,30364,55516,12803,29927,53687,89296,57468,22578,11821,6732,127729,6406,14175,27922,17170,6229,16043,3235,16175,9405,15563
20200516,9,333735,110365,12155,31935,10009,7535,176487,6475,17910,9961,74496,18641,30359,20548,42473,72484,14972,38504,70081,111046,84374,31131,17791,9879,149939,8932,18050,33903,19001,8057,26417,4031,19913,12481,20606
20200516,10,359597,136362,16594,40986,14214,10132,197985,8021,23330,12658,98487,25113,38157,27367,54467,81755,15636,51947,81988,129179,104397,33817,23627,12547,163783,12366,19658,37157,18858,11382,33100,4974,23375,14607,26031
20200516,11,370589,144416,17155,43746,15929,11743,185761,8623,27394,13027,105867,26066,43027,29263,56392,86118,17077,51698,82542,138785,110006,36516,26136,14715,159481,12531,19391,40771,20115,12641,33457,5330,23544,16099,27478
20200516,12,384031,131099,15260,39697,14176,10895,171480,8690,27584,12035,91541,23369,39974,26682,49954,82255,16200,45025,72606,124911,100866,38642,27201,13747,165577,9119,19011,41332,20759,12014,30023,5037,21809,14973,27085
20200516,13,371782,125156,16279,40032,14391,10925,172797,8742,28214,11414,94420,21876,39274,26725,46318,80535,17200,46836,71468,132270,101159,40323,27329,13982,167210,8922,18224,40145,20490,11117,30151,5066,21521,15288,26984
20200516,14,371565,129825,16375,41079,14419,11758,190316,8746,28296,12525,100963,23549,42815,28629,49303,81296,16594,50287,77042,139921,106724,42590,28187,14550,176897,9910,19240,40971,20907,12400,30985,5282,21565,15140,29522
20200516,15,379421,136662,16187,41477,14681,12408,216567,9212,29360,12130,103771,24105,44370,28951,51375,85153,16987,49134,80169,138759,110033,42533,29778,15120,181816,11504,19809,37172,21283,12288,32188,5604,21567,15817,29537
20200516,16,385472,135093,16648,39443,14160,11791,193140,9418,29250,11941,99659,23297,42577,30700,53606,82329,18449,47011,77719,135553,108059,37406,27247,15301,179684,10575,19683,43542,21407,10862,34620,5870,21893,16813,29342
20200516,17,372631,131743,15435,37230,14989,11021,181659,9268,29237,10841,94712,20949,37679,27627,51373,79496,15837,42543,75405,126240,103317,36354,24618,14742,181289,10592,19824,43375,21702,11487,30808,5789,22495,16981,28899
20200516,18,325590,106162,12100,31932,12991,10343,152716,7588,25431,9374,81648,17302,32069,21818,42536,64598,13508,34242,64323,109617,82382,26825,19639,11389,161649,7508,16161,35573,19289,10103,24999,4983,18630,13276,24235
20200516,19,270567,78783,8647,23205,9116,6961,122664,5387,19386,7084,64141,13581,23982,15837,31715,51210,10994,26050,50657,87099,65432,23417,13841,8071,127781,4828,12713,25420,14649,7211,18589,3329,14178,9651,17198
20200516,20,231533,65095,6965,18023,7662,4780,103778,4447,15583,5431,52928,10176,20116,13315,26101,41537,8996,20431,41341,72687,50999,19268,10549,6702,115743,4289,12070,22794,13998,6248,15465,2576,11771,8055,13085
20200516,21,215917,56540,5151,14358,6146,3503,93740,3985,12531,4321,43154,8171,15323,10728,20804,35739,7462,16139,34076,64639,42612,16023,7947,5368,116529,3342,11061,22060,14187,5120,12471,2066,9826,6937,11246
20200516,22,168342,40360,3442,9488,4157,2254,69437,2817,9181,2931,31500,6109,11202,7146,13734,24028,5156,11535,25141,44638,29313,10326,4999,3441,93745,2551,8386,17510,12724,3240,8499,1336,7223,5332,8282
20200516,23,110356,25569,2147,5628,2646,1403,45099,1902,6022,1687,19139,3989,7150,4189,8481,15213,3324,7048,16532,29024,17647,6584,3468,2466,58205,1749,5405,12111,8865,1899,4880,808,4459,3117,4698
20200517,0,70526,16438,1303,3243,1564,861,29505,1268,4206,1124,11741,2199,4716,2605,5650,9148,1925,4486,10630,18213,10187,4026,2255,1433,36650,1062,3726,7826,6195,1278,3067,446,2825,2176,2699
20200517,1,48853,10518,946,2105,1216,615,23926,797,2815,929,8039,1662,3259,1782,4196,5387,1247,2986,7148,12570,7482,2943,1374,914,24314,687,2651,5398,4527,1305,2122,381,1940,1497,2208
20200517,2,33791,7805,642,1807,810,647,18649,511,1668,706,5943,1673,2295,1492,3356,3625,705,2339,5584,8691,5010,2272,1035,600,15947,425,1682,3899,3220,1326,1539,203,1500,1114,1576
20200517,3,26759,7956,902,1761,714,456,16544,428,1384,500,5008,1701,2009,1235,2790,3391,898,2058,4903,8452,4239,2608,1022,483,13503,382,1488,3199,2448,962,1430,173,1440,834,1380
20200517,4,33616,9484,864,2466,923,370,17783,553,1726,509,4839,1460,3005,1496,3117,5936,1447,3188,5925,12960,5698,2495,1188,694,16805,493,1685,3346,2547,780,1688,285,1807,1087,1691
20200517,5,69588,16685,1766,4953,1877,856,32428,1049,3669,1073,9725,2376,4517,2335,5392,15440,4595,7231,10584,31748,12423,3415,2429,2099,39098,1023,3124,6945,4736,1156,3075,645,3503,2050,3574
20200517,6,109312,30164,3150,9364,4006,1774,50218,1857,5808,2117,18606,4263,7500,4513,10436,24106,6828,12296,16000,46105,23711,6763,4156,2940,53353,2069,5403,9571,5899,1982,5032,1106,6050,3461,6338
20200517,7,134042,42978,4028,13851,4722,2800,64268,2276,7693,3395,26686,6151,9934,6875,16393,25733,6407,13905,22795,46604,32230,10449,6737,3518,58241,2979,6710,11562,7098,3110,7157,1592,8074,4455,7408
20200517,8,174750,58459,5809,20238,5232,3225,83795,3485,9922,4220,35638,8550,14675,9469,23439,31415,7490,17398,31335,56856,42663,15700,9158,3741,78327,3718,8806,15593,9465,4086,10570,2096,10684,6056,9959
20200517,9,241021,83479,9231,28330,7544,5594,120234,4920,15011,6913,53299,13877,21247,15091,32717,45621,11066,24410,42578,81221,61185,23358,14209,6361,110070,5138,12445,21601,13332,6839,16430,2907,14224,8628,14959
20200517,10,307149,110589,13399,34287,11066,8199,154878,6798,24204,9294,75154,19144,30215,21156,43701,62024,13785,32515,55447,109905,83102,34340,20496,11187,143730,7359,16120,26862,15771,9287,22369,3939,17817,11529,20335
20200517,11,326682,119231,14904,38426,14012,10345,174859,7940,29872,10386,83209,20855,37650,23899,51154,67159,14999,36796,62483,122753,92928,40023,28109,13587,150171,7957,17979,30994,16226,11688,24861,4320,18592,13229,24907
20200517,12,321065,111481,13362,36461,13583,9599,168531,8052,30232,10103,79960,19986,38392,23616,50803,65623,13909,35967,64115,122985,94124,41214,28333,13323,154196,6479,17169,33039,17591,11286,24102,4610,18168,12822,23863
20200517,13,333130,115243,15033,38020,14695,10775,172701,8226,30224,10954,87327,22758,40905,25315,54974,68076,14922,39615,70579,130660,98365,43017,27944,13835,156915,7441,17121,33030,17686,12178,25881,4773,18363,14084,24869
20200517,14,360082,130834,15814,46164,15668,11972,178224,8924,31373,13586,97823,25598,46887,27771,64287,78285,17047,46393,83007,140583,108071,41851,30153,15169,158748,9976,19078,34578,18614,14175,29599,5395,20153,14921,27925
20200517,15,369614,143616,17076,50108,15200,12757,180286,9806,33625,13945,100283,26875,51522,30995,69884,83660,16714,50131,93889,135869,114769,41804,28311,15666,156397,12406,19934,30462,18819,15313,32637,5790,22138,15538,29273
20200517,16,410994,143974,17159,53098,15556,12055,177345,10122,35738,14632,101072,27378,54365,31170,68818,80541,17313,45504,93329,128372,116232,40085,26348,15959,157926,13345,19516,34553,18381,14382,36225,5881,22777,15728,30145
20200517,17,380106,134584,15802,49401,15579,13113,172027,9463,35456,13925,95949,24925,50358,28940,65313,76824,15495,43624,89958,118062,107816,35477,23348,14099,153582,13161,18474,34592,18132,13029,32758,5543,22761,15370,27940
20200517,18,371601,116846,14121,40394,12594,10488,155849,8256,31499,11002,83784,20819,42127,25170,53572,71740,14428,39795,82844,107256,92849,30126,18443,12890,141714,10899,17438,29488,15916,11407,28456,5062,20514,12870,25551
20200517,19,311727,101285,10085,30637,10060,8749,148935,6801,26101,9370,74169,17764,34715,19806,42734,63382,14130,34866,71475,96849,79150,25109,14680,10465,128344,6726,15431,25597,14292,9300,22238,3786,16936,10729,20194
20200517,20,305354,91426,8607,26021,8095,7198,136503,6147,20759,8432,68923,14593,30279,17634,37661,57815,13055,31943,65378,92116,72379,23165,11879,9135,131682,5501,15378,24661,14747,8239,20604,3203,15018,9767,17962
20200517,21,306008,75113,6325,19933,5711,4494,129412,5134,14496,6739,54455,11997,27047,15943,29029,54627,12292,27424,60696,83628,57866,16629,8573,6488,127826,4216,12558,22781,14081,6392,17937,2447,12403,7825,14031
20200517,22,237447,49498,4209,12145,3891,2718,96698,3526,9363,4543,35618,7996,19478,10010,18663,39694,8818,17770,45983,57321,35250,10761,5331,4109,94288,2578,8870,16640,11066,4427,11955,1495,7507,5387,8889
20200517,23,150312,27410,2350,6406,1803,1614,55788,1849,5722,2611,21993,4567,12547,5756,10595,21670,5379,10185,31934,33200,19428,5395,3256,2499,52917,1377,5021,10058,7139,2250,6844,735,4116,3046,4606
20200518,0,82065,15172,1500,3294,1086,962,28931,1103,3014,1619,12596,3060,7383,2958,5829,11297,2890,5694,19553,18919,9907,2912,1884,1112,28189,618,2790,5147,4331,1329,3665,404,2242,1619,2314
20200518,1,51248,9840,813,2356,696,546,17888,720,1839,1502,7741,2132,4790,1743,4296,6781,1752,3651,12454,11849,6292,1750,1118,703,16683,430,1864,3269,2561,921,2081,272,1390,1003,1766
20200518,2,39026,7894,760,2413,408,549,13357,498,1360,1233,6475,2098,3965,1345,3957,4762,1250,3199,9640,9392,4961,1104,1004,485,11934,322,1313,2765,1931,920,1764,228,1136,922,1309
20200518,3,40993,10137,780,2701,420,741,15544,532,1671,1800,7720,2133,4083,1501,3992,6202,1505,4459,10802,11664,6015,1132,1061,851,13458,326,1766,3320,2060,892,2447,337,1495,975,1912
20200518,4,77863,19603,1276,5019,968,1160,32101,968,2574,2384,12018,3502,6430,2882,5957,11987,3176,9054,16490,23479,10676,1945,1520,1420,31698,669,2914,6986,3911,1368,4380,513,2940,1758,3629
20200518,5,189831,45068,3649,10252,2623,2469,77150,2359,5506,3633,25185,6505,13082,6507,12388,34498,8705,20810,30208,60796,27017,4411,3342,3552,111320,2195,7794,23215,12978,2529,9466,1438,7504,5018,9440
20200518,6,308110,86340,7513,18873,7471,4807,116072,4687,10978,5738,50675,10213,21266,13575,21101,58310,12614,33294,46500,91130,55139,8094,8064,8036,164869,5983,17034,41122,21860,4238,17043,3140,17833,11220,19074
20200518,7,356152,115498,11879,26290,13048,8334,129505,6813,17518,7828,80124,13058,25935,20274,31229,74453,15277,42530,55335,103884,82200,11848,13128,12141,185275,11137,21257,46353,25547,5072,27482,5657,29441,17059,26739
20200518,8,322218,103941,11517,28584,12707,8270,123804,7030,16659,7998,73291,14183,23796,17808,32514,68887,14501,37885,53823,94588,79436,12590,15805,9176,174009,9216,19364,40983,22726,5001,25752,5946,25280,16172,24477
20200518,9,299974,95460,9339,26643,9513,6489,122764,6394,15886,8030,66417,13920,24942,16155,30731,65707,13518,36430,58286,89395,69556,13281,14108,9291,151062,7205,16761,36851,20398,5185,21778,3656,19824,12809,21841
20200518,10,316357,103095,11160,29384,9810,6657,134034,6488,17741,10397,72049,16873,29082,17649,35855,66946,14246,38981,65963,97534,77448,18133,15717,10226,146704,7437,16581,35757,18672,6797,22429,3458,20807,13026,21991
20200518,11,320194,102968,11145,29070,9071,6952,140695,6405,18064,11112,71667,17788,30856,18030,37813,66569,13874,39034,70923,99476,76832,20476,18039,10368,139299,6533,17447,33214,18020,7136,23248,3227,19149,12693,20710
20200518,12,302766,92880,9909,26673,8088,6392,131744,6610,16552,9646,63067,16915,28607,17209,35921,63158,12321,35598,67645,93080,70084,23184,17509,9557,128595,5750,16140,30568,17572,6675,18910,2941,16628,11261,19844
20200518,13,299587,96695,10823,26962,10082,6656,132060,6490,16408,9344,67820,16290,28599,17661,37486,60856,12233,34973,66938,89673,72302,22468,18062,9307,135963,6236,16434,32319,18961,7039,19091,3268,18360,11884,18908
20200518,14,313189,100238,10932,27668,9872,7211,136786,6624,19607,10398,72068,17282,29086,17720,38534,66447,13960,36929,63283,91934,74522,24018,19221,11142,143312,6951,16429,34742,18777,6823,21518,3617,18634,12379,20359
20200518,15,323707,100538,10973,28149,9727,6858,135048,6233,17372,9480,72513,17437,30996,18608,38366,66419,13914,36081,65077,93529,76882,21814,17667,9815,137018,6727,16956,29542,17535,7357,22013,3287,19398,12622,20361
20200518,16,304370,102985,10539,28212,11233,7371,126519,6302,16888,8823,73297,17270,33783,19190,37394,61933,10908,34430,70525,92083,76430,19516,16159,8911,130413,7289,16094,37770,19296,7062,22480,4051,20088,12746,21422
20200518,17,317433,107182,9992,26493,11870,7457,123022,6734,16275,8558,70811,16267,28675,18402,35999,58214,13401,52065,68107,94699,75907,15341,14850,9228,148883,8568,17696,40203,20971,5926,23651,5227,22774,14580,23747
20200518,18,306609,95466,8896,22459,10352,6902,105942,6037,14454,7871,63601,14450,23358,14768,32479,59437,13624,31299,62159,90355,67385,10868,11924,8136,148760,8124,17001,38294,21026,4708,23115,5582,22908,13831,21552
20200518,19,233239,63851,5294,14898,5801,4123,88796,4087,9914,5628,45871,10395,18581,10055,21752,41850,9862,20203,51601,71025,45291,8199,7078,5003,135730,4740,12225,33443,19806,3385,15260,3246,14348,8062,13412
20200518,20,193712,51474,4059,11590,3996,2704,72734,3136,7360,4523,37554,8623,15752,7882,18371,41873,6730,14616,46713,54913,31756,5882,5187,3741,117216,3673,11435,27357,16783,2704,11179,1882,10547,6010,9476
20200518,21,178741,39858,3555,9941,3073,2016,59764,2705,5705,3850,31263,6952,14190,6469,15597,29095,5422,11510,40980,43483,24555,4762,4216,2693,91459,2475,8049,20012,14121,2409,9138,1534,7546,4374,6587
20200518,22,140439,29701,2355,7427,2317,1507,46008,1934,4189,2879,23456,5172,10858,5049,11644,19299,3720,8130,34467,31337,17218,3287,2900,1931,63586,1687,5813,13819,10804,1854,7107,1063,4978,3378,4620
20200518,23,97104,20340,1384,5146,1411,1129,32775,1304,2847,1964,16094,3751,8419,3236,7577,13873,2938,6050,27501,22038,10597,2205,1560,1099,40059,1102,4142,9096,7142,1221,4722,697,3078,2295,3009
20200519,0,69232,13261,994,3518,763,778,22087,914,1846,1409,11394,2552,5668,2153,5326,10253,1959,3952,21273,15721,7189,1300,1204,681,25335,704,2518,5791,4635,838,3430,499,2078,1483,1997
20200519,1,50785,9266,604,2460,629,693,14587,701,1324,1177,8318,1896,5003,1606,4204,6710,1394,2947,15755,11247,5145,915,979,607,15604,427,1875,3669,2878,1047,2784,381,1384,1030,1463
20200519,2,41455,7886,546,2186,445,501,11640,525,1309,1310,6966,2084,4408,1414,3706,6184,1246,3324,13234,10097,4296,782,598,368,12514,333,1555,3019,2164,685,2593,366,1182,859,1280
20200519,3,42927,10501,757,2247,441,748,11963,541,1640,1679,7593,2383,4774,1589,4225,6578,1375,4113,14386,10523,4609,708,779,625,11907,368,1783,3068,2000,725,2813,355,1441,933,1638
20200519,4,61075,17916,1090,4095,590,811,19918,806,1981,2371,9787,3537,6117,1799,5679,9001,1955,6536,19196,17156,7925,1024,1057,1364,20224,571,2755,5476,3270,1022,3539,467,2614,1600,3046
20200519,5,124332,36017,2733,7614,1725,1559,48459,1867,3781,2921,17794,5355,9865,3753,9523,20300,5759,13452,28707,41188,17813,1976,2084,2878,73510,1500,7125,17847,10788,1616,6757,908,6099,4412,7276
20200519,6,221878,65175,5625,12830,4992,3017,81173,3898,6951,3721,34085,7484,13182,7294,15099,36178,8970,21804,37784,65456,35644,4159,4553,6168,133104,4282,14476,34194,19372,2341,11487,2033,15047,9092,14725
20200519,7,289401,97069,8206,18953,9866,5120,116050,5881,11353,5375,57899,10025,16361,11246,22850,52825,10508,30319,44759,82901,58342,6657,9059,8787,163292,8905,19264,44080,23923,3264,18659,4434,26063,15001,23572
20200519,8,304578,98224,10271,24405,11486,6441,111281,6603,12816,6722,64725,12864,20457,14348,28823,59803,12199,34143,48747,88510,68652,9254,13061,8443,161344,8371,18164,40329,22812,4113,23044,5586,23770,14759,23902
20200519,9,297698,97211,10486,25080,9273,5641,119809,6836,15168,6948,64069,13196,22160,15828,29835,61520,12692,37273,57215,91017,68327,10996,13431,9944,142053,7206,16658,37246,19688,5428,21078,3568,19422,13904,22006
20200519,10,312464,106560,11655,29037,9457,6468,129227,6896,16650,8807,67939,15966,29305,17564,34411,59795,12929,40323,66732,96045,73828,14414,14477,11275,139338,8963,17987,36555,18006,6075,21531,3250,19997,14016,22775
20200519,11,311253,100873,11818,27901,9167,7004,130213,6707,16574,9550,65519,17175,30904,17668,35501,61635,13508,38732,71217,92176,73828,16785,15800,11195,132592,11778,16149,34573,17150,6451,22031,3090,17947,13158,21794
20200519,12,296231,96589,10370,25165,8127,5888,123631,6209,14702,8414,59930,17430,28098,15943,33032,57030,12764,35480,66742,83692,67521,17708,15376,9738,130161,6599,16111,31927,16781,5972,18779,2908,16061,11839,20691
20200519,13,311363,98415,10594,26953,8720,6415,128304,6265,15280,8230,65282,16978,26524,16963,35278,59370,12247,34092,66525,85990,71180,18888,16335,9154,140222,6747,16748,33625,18610,6370,19302,3065,17731,12495,20183
20200519,14,314447,100971,10968,27300,9930,6700,135001,6539,16090,8739,68766,17299,27515,17613,36675,61211,12999,32906,68237,92368,74720,17308,16509,9673,150335,7000,17329,34513,19215,6851,19959,3163,18261,13460,22081
20200519,15,329651,104195,11084,26137,9642,7288,139891,6587,16719,9101,71255,17865,28716,18635,37861,65022,13408,32812,70200,89793,74488,16468,15163,9782,152390,8241,16525,31275,19550,7006,21713,3459,18262,12800,20913
20200519,16,340837,106125,10436,27687,10648,7142,139730,6985,17391,8859,72685,17711,30249,19007,36922,66107,13550,30301,72834,89885,73177,14953,13584,9554,168785,7997,17773,38709,21267,6757,21748,3649,19595,13518,23541
20200519,17,355897,110324,10670,25570,11486,7505,132190,7052,17409,7959,73750,16791,28254,18530,37517,63431,12902,30160,72276,93834,73454,12292,14133,10061,179445,9077,18450,44945,23616,5613,24040,4954,22713,15735,25015
20200519,18,322820,98514,9918,22250,11107,7251,116643,6470,14897,7268,67492,15129,24625,15586,34384,56580,11847,27164,65032,87784,65585,9621,11471,8896,174582,8381,17794,42301,24725,4965,22887,5693,21425,14641,22675
20200519,19,245225,66354,6141,15451,6025,4575,89595,4248,10517,5643,46802,10566,18394,10971,23177,41155,7999,17906,56154,65230,43475,6934,7037,5305,144104,4852,12420,31980,19931,3805,14501,2705,14543,8621,14683
20200519,20,210400,54727,4277,12094,4451,3264,77248,3290,7841,4670,38233,9155,17160,8755,18681,32446,6468,14405,50137,55358,33987,5894,5539,4047,113755,3977,11831,25877,17153,3402,11494,2087,11410,6597,10346
20200519,21,192039,43747,3547,10033,3722,2692,67876,2526,6492,4254,33809,8532,14593,7227,15602,27445,5116,11404,44029,46436,27202,5028,3931,3225,99770,2903,9460,21514,15084,2670,9394,1633,7902,5245,7403
20200519,22,159396,33728,2449,7297,2488,1808,51496,2025,4861,3188,24704,5846,12204,5000,12155,20854,3402,8759,36621,34320,19155,3263,2766,2384,78656,2037,7119,15831,11854,1903,7009,1163,5690,3814,5591
20200519,23,116435,22943,1554,4650,1547,1184,36808,1431,2943,2538,17569,3985,8814,3756,8005,15498,2611,6358,29528,25521,13169,2079,1867,1403,52468,1119,4280,10561,8514,1203,5077,773,3547,2510,3607
20200520,0,79342,14505,1057,3663,892,979,26969,849,1980,1560,12150,2959,6268,2484,4918,10810,1895,4260,22919,17666,8097,1499,1295,891,32594,616,2869,7059,5513,1095,3622,514,2244,1450,2124
20200520,1,56689,9892,724,2809,643,774,18990,755,1626,1257,8932,2513,4849,1751,3722,7677,1432,3308,16872,12517,5989,1008,804,531,20158,451,2005,4262,3508,1103,2837,430,1619,1018,1637
20200520,2,47225,8403,681,2543,514,680,16392,535,1440,1270,7378,2671,4420,1552,3511,6931,1100,3650,14072,11070,4602,854,672,506,15319,358,1574,3649,2424,914,2592,407,1411,1070,1357
20200520,3,46750,11262,809,2641,525,641,17421,551,1927,1856,7940,2763,4994,1661,3786,7124,1517,4459,14772,12030,4998,819,779,882,15407,334,1953,3765,2307,1045,2850,332,1527,1053,1695
20200520,4,70234,18768,1093,4183,810,882,27387,949,2614,2548,10418,4189,7105,2617,5354,11882,2551,7519,20504,21647,8532,1041,1059,1685,28563,641,3242,6963,3958,1195,4037,620,2774,2023,3303
20200520,5,152451,38225,2775,8181,2384,1965,65594,1945,4638,3137,20080,6181,11726,5748,9743,28467,6529,16043,32894,55135,18468,2438,2146,3414,100015,1709,7279,21785,13267,1685,7334,1341,7274,4556,7493
20200520,6,257908,69269,5919,13812,6296,3848,99839,3922,8274,4781,37955,8916,15978,9266,15673,48141,8442,24596,41660,80847,36999,4781,4281,6370,159946,4622,14886,39058,21548,2838,11990,2658,16096,9476,15141
20200520,7,322912,101193,9167,20933,10755,6232,121088,5788,11818,6306,60614,10712,18386,13548,23409,61618,11460,32493,48055,96100,54753,7819,8330,9103,181669,9333,19134,48132,26020,3856,20970,5187,26177,14979,23793
20200520,8,328789,99942,10804,25191,11930,7330,128070,6726,12911,7400,67541,12999,23007,15693,29129,64950,13675,34196,52305,97767,61608,9981,12965,8709,182136,8459,18518,43916,24255,4889,24116,5665,25295,15018,23609
20200520,9,326140,98560,10719,27388,10154,7134,137554,6804,16148,8653,70313,14523,25677,17662,30108,69321,14605,37863,61111,103438,62612,12257,12552,10261,161992,7791,17348,40114,20619,6291,22764,3881,20182,14126,22316
20200520,10,339714,111710,11821,31635,10273,7296,145608,7188,17679,10544,74611,17937,31528,19958,38120,72998,12215,40491,70580,108921,69846,15597,14905,11639,152470,9605,18307,38648,18497,7323,23609,3430,21326,13923,23489
20200520,11,335305,109555,12094,30226,10023,7071,144721,6617,18133,10198,70606,18675,33717,19566,39741,70947,12247,38614,75156,111932,66026,18188,15834,11592,138065,8356,17061,36112,18667,7509,22326,3336,19068,13241,22271
20200520,12,329822,79752,11263,27637,8791,6476,142077,5164,15704,9274,63068,16956,30549,17384,30945,68448,12434,39096,69526,106466,56113,18862,16014,8269,132262,4760,12763,33110,17515,6867,20697,3041,16179,9361,16445
20200520,13,326209,94060,12027,27157,10142,7126,144738,5959,17081,9387,69009,17152,29108,17648,35276,68544,12471,38776,70493,103061,63522,18115,16216,9267,138364,6468,16036,35109,19318,6831,21041,3318,17606,11226,18571
20200520,14,330240,101481,11543,27385,10240,7573,152190,7145,17267,10050,73801,17624,29618,19268,38471,69960,13987,40283,72236,106310,79102,17675,16810,9840,150346,7808,16692,36731,20006,7345,21939,3353,18588,12594,21167
20200520,15,341134,106476,11082,28799,10306,7490,152369,6940,17983,9506,74356,17891,31525,19783,38982,71414,14749,39706,73576,105046,80204,17227,15945,10127,153000,8828,17176,30501,19522,7430,22433,3674,18741,13411,22469
20200520,16,356860,112843,11429,29979,11515,7840,150226,7047,18724,9369,75532,17398,31584,20986,41763,74861,15217,38501,75745,105267,83342,16568,15183,9923,166066,9650,17939,40068,21398,7567,23658,4162,19935,14436,23572
20200520,17,379650,121274,11774,29189,12599,8681,147010,7824,19005,10061,77822,19514,31152,20716,42167,73614,14909,39129,77627,107644,82842,15604,15649,11397,172617,11231,18935,43319,23277,6934,27011,4619,25396,17406,28195
20200520,18,340261,106545,10781,26329,12441,8584,131306,6593,16062,9050,72184,17561,27652,17876,38781,69255,13204,35279,71430,102018,71966,12029,13130,9001,170121,10232,17728,41281,24102,6152,25609,4010,24581,15807,24522
20200520,19,253373,70040,6636,17942,7848,5308,107318,4689,10816,6621,52655,11715,21341,11899,25536,50034,11167,23398,59414,79529,47473,9293,8115,5449,152344,5508,13073,37629,20980,4893,16736,2118,15682,8671,14938
20200520,20,217039,55143,4609,13131,4990,3441,88039,3259,7966,5060,41585,9124,17702,9752,20304,39784,8337,18033,52045,65936,37309,7479,6421,3543,126137,3689,10668,28711,17069,3669,11826,1473,10899,6360,10353
20200520,21,202314,44444,3867,11415,3716,2930,76979,2870,6309,4349,35877,8321,15414,7581,16485,31584,6652,13794,45797,54029,29319,6145,5343,3233,107171,2948,9009,22756,15850,2802,10488,1139,8038,5198,7608
20200520,22,160980,34780,2598,8227,3107,2269,56873,2240,4795,3339,28046,6318,12882,5710,12810,23496,4686,10304,38285,38972,21550,4341,3666,2302,82885,2094,7095,16741,12590,2218,8298,884,6104,3908,5379
20200520,23,122657,23930,1787,5219,1808,1353,41875,1481,3286,2382,20101,4488,8811,3478,8828,16309,2891,7739,29872,26840,14088,2619,2307,1524,54892,1372,4647,11392,9183,1742,5850,532,3813,2769,3811
20200521,0,83774,15846,1381,3721,1069,1001,28946,1005,1901,1512,12899,2844,6680,2303,5797,10679,2013,5340,22569,19248,9918,1701,1251,1255,33244,863,3049,7242,5710,1095,3991,387,2410,1788,2448
20200521,1,57183,10876,946,2819,680,722,19193,748,1570,1249,9040,2478,4502,1829,4110,7707,1526,4098,16918,13667,6402,1475,918,591,20984,548,2162,4669,3783,1379,2687,260,1564,1224,1646
20200521,2,45675,8921,765,2428,474,688,16744,552,1576,1500,7946,2528,4286,1720,3942,6968,1330,4104,13942,11598,5433,1014,932,664,15564,381,1746,3615,2725,1061,2644,278,1439,1108,1401
20200521,3,47368,11294,954,2772,472,728,17681,553,1687,1794,8539,2928,4655,1896,4636,7049,1268,5082,15182,12193,6268,1140,926,855,14155,416,1810,3961,2474,1141,2968,228,1575,1063,1733
20200521,4,69207,19554,1328,4844,834,1025,27726,811,2389,2253,10389,4250,6756,2316,6063,11152,2717,8675,20447,21403,10100,1321,1382,1484,26346,606,2965,6625,4054,1165,4441,419,2852,1833,3241
20200521,5,146568,39000,3000,9046,2501,2075,68447,2003,4352,3246,21227,6793,11258,4916,10106,27273,7258,17942,31885,55909,21533,3104,2798,3342,98386,1704,7126,22458,13381,1863,7241,821,7286,4632,7648
20200521,6,250393,68172,6333,14792,6434,3865,107222,3817,8336,4626,38774,9807,15244,9500,16880,44909,10618,27506,40536,83333,43319,5852,6223,6618,163740,4610,15118,38804,21534,2826,11868,1768,15909,9275,14852
20200521,7,316943,101312,9636,21268,11327,6395,122742,5884,12090,6273,62254,11391,18672,14069,25504,60945,11765,35392,47145,98519,66115,8434,9793,9600,189539,9091,17968,44664,26146,4057,20684,3290,25962,15077,23674
20200521,8,331717,102266,11024,25398,12741,7843,130101,6913,13863,7205,68674,13688,22448,16008,32084,67650,13702,37677,52876,99064,73290,11600,14665,9031,181588,8824,18153,40523,24075,4691,24881,3853,25126,14953,24156
20200521,9,321981,101842,10269,27726,11048,6978,155996,6323,15972,8336,69338,16100,25201,19222,33538,71229,13886,41482,63216,103460,77514,14087,14973,9728,159884,7560,17388,35914,19875,5927,23000,2433,20816,13748,22349
20200521,10,343667,107261,2942,21563,2881,1831,140808,7163,17779,10082,41336,8805,31776,20506,38214,74439,12688,44438,73441,112303,86261,18560,16709,11716,156349,9071,17838,33240,18792,7137,23833,2246,21369,14187,23894
20200521,11,339887,99234,0,19127,0,0,140396,6696,17574,10795,28991,5549,34215,19625,40070,72799,13283,43235,76758,108672,82784,19970,17758,11140,146808,7853,17197,29479,18025,7938,22988,2045,20082,13671,22567
20200521,12,322724,94243,0,16294,0,0,138321,6241,16659,9169,25061,5119,30711,17176,36812,66742,13299,38411,72243,101047,76343,20934,17346,10337,139759,6034,16643,27321,17244,7317,20898,2125,16320,11651,19487
20200521,13,329873,93115,0,16674,0,0,137759,6276,16384,9279,27200,5424,27842,18269,37873,62039,12864,38264,70970,99667,78441,21897,18030,9923,148588,6709,17356,29011,18653,7241,21368,2206,18046,12433,19496
20200521,14,334335,101138,7225,24275,6751,4802,149134,6716,17645,9427,55234,13798,30310,19473,39562,67227,15080,41066,73779,105869,84526,22942,19125,10239,158742,7698,17587,33825,19185,7900,21934,2359,18697,13151,21906
20200521,15,347699,107829,12495,30297,10466,8501,153721,6923,18046,9987,75239,19689,32150,20722,40636,68661,14469,40978,73787,109283,86438,23215,19244,10018,165470,8308,17205,29813,19964,8259,22285,2296,18462,13428,21927
20200521,16,357751,111307,12169,30732,11610,8625,155900,6859,19020,9696,78422,19635,33157,20736,42124,66022,15106,41366,79507,107175,89867,21101,17944,9823,177947,8682,17934,38517,20601,8028,25808,2849,20567,13913,23952
20200521,17,376197,120239,12834,30384,12583,9211,153208,7458,18512,9770,79657,20299,32323,20493,41796,67204,15749,41630,81637,108133,92285,18884,18152,10597,183952,10324,19158,40337,23244,7306,28090,3705,23372,15962,26509
20200521,18,351228,107622,10950,27431,12304,9072,137746,6612,15413,9300,76093,18733,30451,18463,39772,64519,14458,37186,76735,101379,80566,14876,15490,8740,179484,9173,17976,38098,23518,6587,26125,4068,23461,15708,24040
20200521,19,275632,73835,7047,19447,7508,5594,111884,4437,11423,6697,55597,13917,23830,12942,28588,51026,10780,24989,65164,83449,56945,10973,9651,5494,162288,5106,12910,33722,19961,4948,17668,2216,16373,9419,16241
20200521,20,241256,58684,5403,15228,5206,3739,92747,3846,8183,5653,45458,11243,19812,9979,23289,40895,8633,19980,55818,72258,41857,9228,6434,3993,138604,4269,11795,27194,17424,4276,13245,1541,11601,6869,10497
20200521,21,220447,45961,4033,11466,4575,2998,79546,3026,6977,4636,37487,9094,16686,8543,18592,33007,7132,14626,47479,58425,31750,7258,5533,2928,121054,3023,9300,21388,14714,3308,10955,1150,8678,5714,7998
20200521,22,175220,35287,2644,8398,3192,1922,57486,2126,5028,3421,29199,7175,13647,5982,13857,22449,4711,11182,39393,40838,22721,5243,3675,2590,89529,2341,7107,16163,12368,2271,8666,844,5998,4101,5884
20200521,23,126184,24921,1612,5537,1660,1307,41825,1608,3655,2631,19681,4488,9664,3925,9078,15423,2887,8152,31627,28341,14654,2947,2277,1606,59232,1402,4707,10433,8833,1597,4737,563,4032,2878,4046
20200522,0,83952,16965,1177,3795,1008,1043,29381,968,2321,1616,12957,3644,6834,2694,6152,10555,2041,5871,23138,19092,8970,1857,1784,1138,36528,731,3347,7008,6033,1200,2864,321,2362,1777,2583
20200522,1,60074,10822,732,2884,656,880,20183,821,1861,1472,9480,2676,4710,2179,5143,7312,1567,4006,17564,13617,6864,1194,1119,791,22333,445,2334,3863,3774,1112,2369,280,1617,1249,1740
20200522,2,48677,9137,649,2555,481,736,17080,591,1606,1413,8295,2656,4720,1832,4486,6510,1160,4002,13961,11679,5716,1059,969,632,16330,324,1767,2969,2759,988,2065,272,1456,1086,1500
20200522,3,48603,11152,719,3348,512,785,17359,597,1854,1772,8437,3091,5308,2056,4567,6217,1323,4880,14697,13123,6851,1190,1029,941,16047,373,1886,3290,2429,1130,2256,200,1793,1124,2006
20200522,4,72003,19728,1339,5129,915,1107,27810,1028,2532,2477,11286,4289,7334,2372,6487,10605,2704,8825,20467,22632,10250,1422,1471,1628,29216,676,2900,5981,4067,1212,3276,470,3065,2205,3544
20200522,5,143488,38281,3031,8741,2439,1935,63578,2055,4401,3340,21248,6084,12005,5452,10915,24691,7060,17839,32176,54435,21666,3171,2951,3543,99102,1633,6995,19092,12589,1992,5623,802,6903,4860,7784
20200522,6,242787,68427,6175,14515,6141,3460,100534,4011,8346,4738,37752,9313,15038,8992,17018,41818,10640,26263,41053,80308,40888,5871,6219,6971,164091,4421,15368,34939,20725,2918,9565,1765,14744,9208,15351
20200522,7,313205,97632,8894,20568,10247,5881,122640,5530,12390,6985,58889,11115,17889,12694,25353,55367,12258,34594,46595,94959,61633,8939,9926,8979,194344,8890,19214,43973,25696,3954,16269,3186,24114,14580,23194
20200522,8,321115,101460,10882,25293,12493,7617,130293,6520,14000,7514,67483,14356,22985,15715,32023,60688,13404,38074,51509,98339,72259,12473,14249,8338,190614,8395,18433,38952,23443,5124,19639,3841,24624,15174,22924
20200522,9,316678,101305,12169,28765,10124,7443,143309,6559,16280,8423,71027,15850,25432,18232,34691,64822,13724,41566,61054,100984,79038,15942,15050,10110,168847,7687,17617,37131,20584,6654,19999,2464,21275,13457,22421
20200522,10,341909,117228,13178,32722,10679,7887,158547,7154,18455,10312,77676,19161,32219,20255,41452,71262,12695,46247,72648,116032,91074,23327,18713,11630,160858,9610,18810,35626,19058,8322,24825,2488,20944,14395,24318
20200522,11,350185,117166,12746,32505,10079,7564,160667,7222,19474,11236,75608,20320,34079,20243,43983,72857,13125,44734,78464,117486,90661,26041,20833,12021,157863,8581,17477,32869,18276,8300,23964,2189,19608,14059,23921
20200522,12,345172,109439,11993,28781,9059,7383,165972,7099,17591,10693,69996,20099,35950,19987,43488,70202,13905,44683,80350,111920,85736,28588,20049,11306,152282,7214,17070,31300,17769,8806,23469,2090,17806,12217,20314
20200522,13,361756,111942,13045,32434,10902,8341,177176,7183,18175,11694,77998,19951,36951,21593,47749,74147,13833,43827,86537,115615,93153,31938,22206,11482,159501,8045,17726,33066,20225,9431,25493,2481,19615,13275,21828
20200522,14,384352,120340,14096,34101,11835,9567,189334,7436,20089,12410,85070,23295,38883,22784,51311,79769,15422,47714,95440,125319,106226,35065,23180,12273,170520,9972,18884,34106,21018,9676,26592,2495,21172,14488,24562
20200522,15,405324,126590,14673,37419,12130,9828,190198,7665,21166,11976,89377,24022,41696,24941,52003,84099,16536,51008,97791,131433,111520,34836,25175,11953,177617,11076,18838,26426,20539,10237,29311,2855,21758,14781,26382
20200522,16,420739,135344,16019,40537,13015,10976,194915,8697,23762,12995,94907,23824,46286,28783,53776,83900,18162,50916,100572,134914,119124,35462,26307,13097,181444,12193,19582,33157,21157,10775,33649,3552,23203,16077,28487
20200522,17,439173,146811,18672,42300,14606,12723,195863,9705,25538,14435,102034,26306,46744,31849,57136,87147,17268,53732,103228,136797,127277,33683,26522,14869,186444,14230,21182,42087,22899,10457,35179,4311,27213,19795,31504
20200522,18,419146,147577,18313,41590,17116,14861,191054,9282,25917,14416,105730,25997,49094,31139,59147,83617,17886,57386,100779,132256,126648,29424,24847,13613,177700,15116,20251,38543,23321,10427,33389,4962,28149,19906,30610
20200522,19,368335,113410,12164,32530,10381,10423,168485,7354,20421,11710,86337,21372,42427,25675,47779,75390,14464,44115,90138,111212,103568,23660,16445,9885,168075,10035,16927,37092,20713,9257,28234,3333,20668,14021,24712
20200522,20,320182,86376,8056,23322,7066,6176,146429,4941,14668,9123,66578,16445,34442,16876,37936,69101,14962,33534,75403,100391,73853,20383,11453,6384,160361,5961,13426,32487,17963,7417,21816,2129,15025,9658,15940
20200522,21,290644,63402,5610,16169,5515,4831,134933,4140,10744,7255,55529,13675,26178,12712,30273,56408,12002,24307,62331,86995,54941,19567,9377,4683,149809,3826,11107,26225,16509,6003,16924,1417,10384,6998,11458
20200522,22,218657,45001,4217,10665,3936,3097,97077,2851,7602,4542,40704,10890,18313,8193,21952,38067,7786,15614,49224,58734,36456,15839,8150,3153,115973,2794,8720,19598,13624,4739,11791,961,7403,5058,7539
20200522,23,152751,31259,2599,6823,2337,2004,66347,1915,5102,3352,28042,7776,12857,4765,14639,21622,4648,10032,35049,37561,22556,10131,5402,1887,75008,1717,6390,13285,9857,3154,7480,546,4737,3572,5094
20200523,0,100052,19357,1747,4613,1735,1439,45685,1271,3677,1924,18116,5474,7915,3118,9794,13799,2997,7204,24227,24528,13644,5610,3267,1511,46793,1142,4262,8928,7272,1970,4771,426,3278,2310,3305
20200523,1,66547,13591,1145,3323,955,955,32628,962,2435,1393,12109,3409,5315,2419,7304,8834,1876,4788,16953,17172,8808,3307,2305,1143,29831,689,2657,5602,4918,1965,3567,276,2399,1570,2390
20200523,2,50570,10335,1044,2678,790,814,27565,658,2147,1088,9741,3221,4319,1954,5861,7683,1390,4162,13059,14556,7022,2726,1630,803,22202,521,2132,4547,3646,1681,2792,219,1914,1288,1784
20200523,3,47605,10399,1224,2824,767,700,26234,681,2175,1302,8450,3163,4814,1678,5523,7744,1483,5157,12325,14722,7232,2356,1528,744,20098,428,1764,4130,3196,1377,2899,251,1883,1155,1856
20200523,4,66637,15895,1449,4354,1135,948,34637,935,2684,1376,9933,3709,5607,2275,6556,11793,3310,7978,14532,24814,10551,2734,2201,1204,32002,704,2630,6092,4090,1569,3669,419,2863,1756,2729
20200523,5,134322,30810,3281,8262,3043,1709,72433,1856,4665,2545,19517,5822,9221,4896,11201,28572,8101,17528,24771,54937,23466,5021,3784,2848,91260,1546,5474,16820,10720,2476,6501,740,6483,3978,6535
20200523,6,204882,55542,5844,14898,5907,3648,108598,3244,8410,4157,35662,8795,13966,9614,18819,44036,11226,25854,36663,79497,43491,11120,7324,5211,129018,3653,10800,22079,12607,4161,10252,1535,11691,6776,11704
20200523,7,242289,79808,7855,21255,8075,5039,126327,4376,12036,6384,49885,11543,19486,13905,28144,53437,12819,31384,45616,91050,63134,20663,10494,6634,124834,6484,12761,22619,13133,5539,14849,1846,15078,8881,15081
20200523,8,297480,96502,9616,27710,8819,6633,143922,5782,14712,8375,64970,15875,25212,19899,38768,65542,13905,38383,58298,101302,80678,31651,15349,7474,149267,8097,16303,27878,17516,8075,20211,2368,17980,10865,18326
20200523,9,341010,122739,14087,35807,11440,8759,170625,7239,20327,10934,82318,22525,34894,33765,51360,79738,15291,50221,72130,120128,99118,36432,21974,10742,164374,11459,18704,33827,18877,10738,28936,3017,21388,13690,24164
20200523,10,371814,150733,17978,44428,15238,11596,190046,8413,26880,13429,99253,27948,45408,47691,60152,89153,15883,56650,82973,142496,120287,40966,27556,14400,176567,14330,20649,37593,18990,15455,35618,3389,24454,16940,28598
20200523,11,374932,146910,19038,46383,16366,12226,193729,9017,30720,13879,105420,29967,49002,48226,61282,89329,16638,53607,83901,150652,121216,45272,30507,16318,174127,15828,20197,38194,19738,15430,35031,3897,23887,17109,29793
20200523,12,350855,139473,15961,42865,15719,11425,184728,8846,30871,12073,94008,26613,43050,41771,54380,81926,16122,44535,75762,131761,116180,46260,31167,15112,164588,14325,19646,34999,20266,14007,31757,3369,21778,16948,29819
20200523,13,353143,136613,16223,40581,16329,11788,187438,9195,30724,12270,90799,24439,44613,43738,56030,86289,18033,48058,76051,136031,115402,43776,32900,14880,167233,9892,19085,37228,20373,13402,30723,3802,22094,17823,27809
20200523,14,365293,136294,17641,42965,16970,11968,226740,9705,32082,13610,100328,26360,48265,33440,58388,89488,18952,54474,81961,147428,121997,48312,32839,15950,173450,9927,19618,37813,21509,14617,33443,3822,22043,17227,30612
20200523,15,382689,142782,18593,45731,17144,12164,209411,9531,31375,13284,102762,27794,49543,32693,60206,89774,17852,49657,84803,142792,123952,50358,34969,16448,179321,12387,19721,33500,20580,14449,34218,3948,22425,16893,30745
20200523,16,383096,144487,17872,44537,16980,12519,205200,10125,32212,12439,103083,25832,45595,32667,59825,84194,16525,52858,85786,137465,120823,49416,33045,16256,184886,12190,21215,41017,21722,13782,34804,3964,23190,17757,31486
20200523,17,384882,138738,17154,42390,17634,11922,195200,9902,33129,11917,98705,25109,43811,31222,55637,83253,17875,52151,81652,133141,120118,47303,30332,16228,182667,12020,20380,40814,21704,13750,33028,3998,23097,18209,30439
20200523,18,344072,121009,14624,35435,15303,10174,172940,8038,29901,10312,85641,20676,38700,26563,49923,76138,14849,43259,71634,117247,105129,39550,25472,12861,174449,8954,17228,35359,19451,12315,28142,3592,20655,14304,26855
20200523,19,291497,91276,10030,26276,11459,6997,144969,5975,23727,7955,68073,15606,29665,19613,37289,59912,12270,32168,56540,99838,80694,31057,18279,9480,152142,6404,14112,28455,16788,9554,21854,2463,15280,10596,20002
20200523,20,254374,75212,7658,19655,8481,5265,127097,4777,19543,6086,57283,12282,23201,16182,29055,48577,11216,26247,45994,87709,65824,27491,13927,7599,139914,4864,13846,24334,15068,7880,17108,1874,12845,8785,15690
20200523,21,238022,61724,5856,14858,6842,3943,113513,4357,15319,5100,45753,9760,17708,14041,22292,41804,9076,20301,37870,76837,50957,22740,10016,5963,138056,3820,12127,22875,14904,6374,13559,1424,10526,7407,12525
20200523,22,185589,42261,3774,10106,5184,2921,88321,2899,10474,3369,33618,6752,12791,8982,15413,27911,6274,13331,28429,53316,33662,16151,6628,4227,109808,2842,8791,17766,12556,3937,10081,942,7526,5446,8856
20200523,23,124114,25827,2037,6315,2913,1658,55588,2034,5965,1758,20887,4233,6926,5172,8903,16284,4413,8128,18832,32522,19240,9387,3897,2611,69824,1622,6268,12370,9481,2581,5889,503,4529,3638,5202
20200524,0,76661,15792,1453,3688,1584,915,37933,1304,4235,1101,12416,2504,4589,3328,5567,9477,2279,4779,11463,19812,11640,5494,2560,1750,41641,998,3916,7600,6610,1817,3470,302,2850,2105,3105
20200524,1,47358,10313,1056,2348,1177,677,25974,782,2787,739,8291,1882,2901,1860,4210,5627,1347,3358,7912,13309,7475,3210,1584,981,25613,637,2499,4861,4275,1244,2248,185,1908,1543,2114
20200524,2,33106,7836,667,2197,843,581,19308,578,1900,639,5929,1930,2560,1364,3479,3759,807,2270,5658,9803,5211,2333,1239,757,17231,443,1964,3512,2974,1004,1595,117,1641,954,1509
20200524,3,25263,7113,664,1965,617,382,15012,438,1316,598,4564,1677,2176,1315,3085,3382,699,2058,5057,8062,4080,2496,1137,634,12284,391,1430,2574,2238,549,1265,94,1187,819,1250
20200524,4,30295,8813,925,2192,837,441,17134,475,1731,567,5334,1703,2559,1191,3236,5243,1447,2963,5382,12015,5832,1950,1140,618,16473,440,1788,2951,2244,730,1673,175,1767,865,1772
20200524,5,67022,16857,1931,5217,2154,900,33256,974,3187,1276,10439,2627,4315,2972,5827,13994,4445,7568,10149,29102,12891,2815,2644,2015,34429,1041,3198,5484,3658,1185,3351,429,3196,1944,3269
20200524,6,105431,31383,3331,9352,4387,2050,51050,1935,5675,2327,19955,4530,7583,5151,11407,20998,5902,12083,15942,38948,24086,6349,4786,3275,47649,2030,5642,7827,5223,2125,5406,800,6231,3384,5655
20200524,7,130131,45719,4734,13390,5260,2828,67652,2518,8105,3389,27996,6783,11383,7895,17539,24532,5847,13774,23223,42820,32787,9987,7590,3962,56734,2941,7051,9799,6724,3060,7296,1028,8762,4446,7772
20200524,8,171081,61637,6212,19257,5830,3849,93359,3575,10899,4783,36590,10474,15290,10079,24647,29565,7089,17966,33017,52890,47122,17285,10314,5287,76864,4053,8984,12957,9175,4576,10558,1393,11034,6250,10334
20200524,9,237402,85072,10066,26529,8323,6125,131857,4862,15995,6607,52611,15547,22760,15490,34530,44499,10830,25852,47832,82089,67372,27326,15669,7974,109237,5287,12520,18916,12651,7648,15318,1746,14265,9147,16414
20200524,10,302122,112324,13862,34049,12848,8522,171708,7122,24994,9739,74372,19500,32002,20779,45415,60791,13621,33990,61398,113836,92026,37018,23826,11766,148489,7503,16486,24531,15103,10213,21836,2381,18415,12441,22405
20200524,11,324745,123892,15574,38693,14683,10447,189247,8086,30486,10545,81665,23492,39714,23001,55341,65996,14970,38581,68139,129952,102145,47341,31731,14736,163073,7855,17600,26553,15934,11469,23611,2636,18883,13955,25642
20200524,12,323867,120224,14959,37438,12909,9166,181434,8082,30287,10614,77804,22922,38428,23673,56472,64179,14064,37155,69665,130489,99133,52116,32332,13943,166136,7109,17872,29129,16836,11577,22910,2706,17447,13979,25588
20200524,13,349556,128541,15811,40148,13420,9884,180182,8930,30655,11425,84952,25215,43905,24010,61208,68127,14580,41500,73707,133638,103305,48490,30682,14730,170821,8774,17909,30763,17313,12760,25942,3048,17715,15295,26377
20200524,14,381989,143960,18473,46896,13907,11208,186340,9699,31821,12721,95077,29581,49799,27765,69399,75672,16358,47255,85440,134918,114678,45772,29806,14906,177055,11233,19201,32267,17916,15578,29902,3215,19258,16077,28447
20200524,15,395566,148590,18745,49729,14316,11491,190748,10429,32827,14052,98486,30800,53865,29855,71411,80841,17073,49894,94219,134504,121577,43466,29593,16530,175378,14501,19938,26817,17858,15096,33046,3483,20537,16696,31261
20200524,16,397007,150209,18147,50026,13343,11143,187400,10638,31847,13373,97119,29604,54732,28961,68978,83072,15653,49660,91259,123929,120114,33173,26564,16247,172247,12915,20064,31676,17810,14262,34501,3331,21251,17302,29337
20200524,17,370652,141085,15527,44790,12497,9544,171561,9837,31592,12214,86940,25040,50698,27752,62225,78850,15688,47697,88096,116453,110795,36313,23926,15080,166476,12953,18955,29710,17006,12557,31903,3286,20179,16030,28863
20200524,18,343389,120571,13094,36194,10362,8295,155584,8027,26662,10365,75776,18940,39620,23066,53124,70501,15032,40792,82876,105698,98076,35025,19103,12406,150115,11850,18142,26532,15921,10831,26255,2753,18074,13285,25534
20200524,19,314226,98345,10625,28618,8316,6684,141675,6619,23535,8572,67748,16791,33325,19124,42183,63229,13163,35383,73188,100849,84286,26458,15572,10341,139827,8254,16118,23304,14082,8447,21694,2180,15746,10903,21014
20200524,20,300001,87871,8226,22706,6981,5743,142933,6295,20953,7851,61609,14119,30216,18610,35556,59070,12788,30675,68255,95107,76441,24140,13340,8872,142469,5225,15297,21919,14526,7332,19732,1990,14096,10028,17787
20200524,21,304150,71126,6002,18317,4939,3779,133110,4781,15242,6101,48336,11534,25710,15651,27467,53787,12019,26317,61169,86434,61136,21076,9317,6392,138816,4072,12685,21135,14403,5443,16967,1359,11670,7963,14041
20200524,22,236751,44947,3575,11455,3135,2536,98582,3267,8849,4553,33607,8069,18293,9723,16602,38615,8703,17694,47609,58492,37501,12090,5901,3938,100767,2489,8093,14427,10914,3861,11397,859,7270,5194,8230
20200524,23,143609,26137,2242,6166,1609,1391,54633,1899,5182,2422,20343,5104,11331,5413,9455,22150,5370,10032,31124,34013,20205,6104,3782,2272,55574,1343,4686,8732,6986,2161,6487,410,3963,2686,4690